CD_MUNIC,NM_MUNIC,SG_UF,ID_ORIGEM
1100023,ARIQUEMES,RO,1100023
1100049,CACOAL,RO,1100049
1100056,CEREJEIRAS,RO,1100056
1100064,COLORADO DO OESTE,RO,1100064
1100080,COSTA MARQUES,RO,1100080
1100106,GUAJARA MIRIM,RO,1100106
1100114,JARU,RO,1100114
1100122,JI PARANA,RO,1100122
1100155,OURO PRETO DO OESTE,RO,1100155
1100189,PIMENTA BUENO,RO,1100189
1100205,PORTO VELHO,RO,1100205
1100254,PRESIDENTE MEDICI,RO,1100254
1100288,ROLIM DE MOURA,RO,1100288
1100304,VILENA,RO,1100304
1200013,ACRELANDIA,AC,1200013
1200104,BRASILEIA,AC,1200104
1200401,RIO BRANCO,AC,1200401
1200427,RODRIGUES ALVES,AC,1200427
1200807,PORTO ACRE,AC,1200807
1239123,CIDADE CADASTRADA 2X,RJ,1239123
1300706,BOCA DO ACRE,AM,1300706
1300839,CAAPIRANGA,AM,1300839
1300904,CANUTAMA,AM,1300904
1301704,HUMAITA,AM,1301704
1301902,ITACOATIARA,AM,1301902
1302603,MANAUS,AM,1302603
1302900,MAUES,AM,1302900
1303403,PARINTINS,AM,1303403
1304203,TEFE,AM,1304203
1400100,BOA VISTA,RR,1400100
1400472,TERRITORIO DE RORAIMA,RR,1400472
1500107,ABAETETUBA,PA,1500107
1500404,ALENQUER,PA,1500404
1500503,ALMEIRIM,PA,1500503
1500602,ALTAMIRA,PA,1500602
1500800,ANANINDEUA,PA,1500800
1500909,AUGUSTO CORREA,PA,1500909
1501204,BAIAO,PA,1501204
1501303,BARCARENA,PA,1501303
1501402,BELEM,PA,1501402
1501501,BENEVIDES,PA,1501501
1501576,BOM JESUS DO TOCANTINS,PA,1501576
1501600,BONITO,PA,1501600
1501709,BRAGANCA,PA,1501709
1501758,BREJO GRANDE DO ARAGUAIA,PA,1501758
1501808,BREVES,PA,1501808
1502103,CAMETA,PA,1502103
1502152,CANAA DOS CARAJAS,PA,1502152
1502400,CASTANHAL,PA,1502400
1502707,CONCEICAO DO ARAGUAIA,PA,1502707
1502772,CURIONOPOLIS,PA,1502772
1502939,DOM ELISEU,PA,1502939
1502954,ELDORADO DOS CARAJAS,PA,1502954
1503309,IGARAPE MIRIN,PA,1503309
1503606,ITAITUBA,PA,1503606
1503705,ITUPIRANGA,PA,1503705
1504059,MAE DO RIO,PA,1504059
1504208,MARABA,PA,1504208
1504422,MARITUBA,PA,1504422
1504703,MOJU,PA,1504703
1505064,NOVO REPARTIMENTO,PA,1505064
1505437,OURILANDIA DO NORTE,PA,1505437
1505502,PARAGOMINAS,PA,1505502
1505536,CARAJAS,PA,1505536
1505536,PARAUAPEBAS,PA,1505536
1506138,REDENCAO,PA,1506138
1506161,RIO MARIA,PA,1506161
1506187,RONDON DO PARA,PA,1506187
1506203,SALINOPOLIS,PA,1506203
1506500,SANTA IZABEL,PA,1506500
1506583,SANTA MARIA DAS BARREIRAS,PA,1506583
1506609,SANTA MARIA DO PARA,PA,1506609
1506807,SANTAREM,PA,1506807
1507151,SAO DOMINGOS DO ARAGUAIA,PA,1507151
1507201,SAO DOMINGOS DO CAPIM,PA,1507201
1507458,SAO GERALDO DO ARAGUAIA,PA,1507458
1507508,SAO JOAO DO ARAGUAIA,PA,1507508
1507607,SAO MIGUEL DO GUAMA,PA,1507607
1507953,TAILANDIA,PA,1507953
1508001,TOME-ACU,PA,1508001
1508084,TUCUMA,PA,1508084
1508100,TUCURUI,PA,1508100
1508126,ULIANOPOLIS,PA,1508126
1508209,VIGIA,PA,1508209
1508407,XINGUARA,PA,1508407
1600105,AMAPA,AP,1600105
1600105,TERRITORIO DO AMAPA,AP,1600105
1600303,MACAPA,AP,1600303
1600600,SANTANA,AP,1600600
1700707,ALVORADA,TO,1700707
1701903,ARAGUACEMA,TO,1701903
1702000,ARAGUACU,TO,1702000
1702109,ARAGUAINA,TO,1702109
1702158,ARAGUANA,TO,1702158
1702208,ARAGUATINS,TO,1702208
1702554,AUGUSTINOPOLIS,TO,1702554
1703800,BURITI DO TOCANTINS,TO,1703800
1705508,COLINAS DO TOCANTINS,TO,1705508
1707009,DIANOPOLIS,TO,1707009
1707652,FIGUEIROPOLIS,TO,1707652
1708205,FORMOSO DO ARAGUAIA,TO,1708205
1709005,GOIATINS,TO,1709005
1709302,GUARAI,TO,1709302
1709500,GURUPI,TO,1709500
1711506,JAU DO TOCANTINS,TO,1711506
1714203,NATIVIDADE,TO,1714203
1715101,NOVO ACORDO,TO,1715101
1716109,PARAISO DO TOCANTINS,TO,1716109
1716604,PEIXE,TO,1716604
1717503,PIUM,TO,1717503
1717909,PONTE ALTA DO TOCANTINS,TO,1717909
1718204,PORTO NACIONAL,TO,1718204
1718550,RIACHINHO,TO,1718550
1718758,RIO SONO,TO,1718758
1720655,SILVANOPOLIS,TO,1720655
1720903,TAGUATINGA,TO,1720903
1721000,PALMAS,TO,1721000
1722081,WANDERLANDIA,TO,1722081
1722107,XAMBIOA,TO,1722107
2100055,ACAILANDIA,MA,2100055
2100501,ALTO PARNAIBA,MA,2100501
2101004,ARARI,MA,2101004
2101202,BACABAL,MA,2101202
2101400,BALSAS,MA,2101400
2101608,BARRA DO CORDA,MA,2101608
2102002,BOM JARDIM,MA,2102002
2102101,BREJO,MA,2102101
2102200,BURITI,MA,2102200
2102325,BURITICUPU,MA,2102325
2102408,CAJAPIO,MA,2102408
2102903,CARUTAPERA,MA,2102903
2103000,CAXIAS,MA,2103000
2103158,CENTRO DO GUILHERME,MA,2103158
2103208,CHAPADINHA,MA,2103208
2103307,CODO,MA,2103307
2103406,COELHO NETO,MA,2103406
2103505,COLINAS,MA,2103505
2103604,COROATA,MA,2103604
2103802,DOM PEDRO,MA,2103802
2104008,ESPERANTINOPOLIS,MA,2104008
2104057,ESTREITO,MA,2104057
2104107,FORTALEZA DOS NOGUEIRAS,MA,2104107
2104404,GONCALVES DIAS,MA,2104404
2104503,GOVERNADOR ARCHER,MA,2104503
2105005,HUMBERTO DE CAMPOS,MA,2105005
2105302,IMPERATRIZ,MA,2105302
2105427,ITINGA DO MARANHAO,MA,2105427
2105500,JOAO LISBOA,MA,2105500
2105609,JOSELANDIA,MA,2105609
2105708,LAGO DA PEDRA,MA,2105708
2105807,LAGO DO JUNCO,MA,2105807
2105963,LAGOA GRANDE DO MARANHAO,MA,2105963
2106003,LIMA CAMPOS,MA,2106003
2106102,LORETO,MA,2106102
2106755,MIRANDA DO NORTE,MA,2106755
2107001,MONTES ALTOS,MA,2107001
2107407,OLHO D AGUA DAS CUNHAS,MA,2107407
2108108,PAULO RAMOS,MA,2108108
2108207,PEDREIRAS,MA,2108207
2108454,PERITORO,MA,2108454
2108603,PINHEIRO,MA,2108603
2108702,PIO XII,MA,2108702
2108801,PIRAPEMAS,MA,2108801
2108900,POCAO DE PEDRAS,MA,2108900
2109007,PORTO FRANCO,MA,2109007
2109106,PRESIDENTE DUTRA,MA,2109106
2109270,PRESIDENTE SARNEY,MA,2109270
2109601,ROSARIO,MA,2109601
2109809,SANTA HELENA,MA,2109809
2109908,SANTA INES,MA,2109908
2110104,SANTA QUITERIA DO MARANHAO,MA,2110104
2110203,SANTA RITA,MA,2110203
2110302,SANTO ANTONIO DOS LOPES,MA,2110302
2110500,SAO BENTO,MA,2110500
2110708,SAO DOMINGOS DO MARANHAO,MA,2110708
2111003,SAO JOAO BATISTA,MA,2111003
2111078,SAO JOAO DO SOTER,MA,2111078
2111300,SAO LUIS,MA,2111300
2111300,SAO LUIZ,MA,2111300
2111409,SAO LUIS GONZAGA DO MARANHAO,MA,2111409
2111508,SAO MATEUS DO MARANHAO,MA,2111508
2111672,SAO ROBERTO,MA,2111672
2111904,SUCUPIRA DO NORTE,MA,2111904
2112100,TIMBIRAS,MA,2112100
2112209,TIMON,MA,2112209
2112233,TRIZIDELA DO VALE,MA,2112233
2112407,TURIACU,MA,2112407
2112704,VARGEM GRANDE,BA,2112704
2112803,VIANA,MA,2112803
2112902,VITORIA DO MEARIM,MA,2112902
2113009,VITORINO FREIRE,MA,2113009
2200202,AGUA BRANCA,PI,2200202
2200277,ALEGRETE DO PIAUI,PI,2200277
2200509,AMARANTE,PI,2200509
2200608,ANGICAL DO PIAUI,PI,2200608
2201176,BARRA D ALCANTARA,PI,2201176
2201903,BOM JESUS,PI,2201903
2202208,CAMPO MIOR,PI,2202208
2202703,COCAL,PI,2202703
2203206,CURIMATA,PI,2203206
2203305,DEMERVAL LOBAO,PI,2203305
2203503,ELESBAO VELOSO,PI,2203503
2203701,ESPERANTINA,PI,2203701
2204303,FRONTEIRAS,PI,2204303
2205201,JAICOS,PI,2205201
2206100,MATIAS OLIMPIO,PI,2206100
2207603,PARNAGUA,PI,2207603
2207702,PARNAIBA,PI,2207702
2207801,PAULISTANA,PI,2207801
2208007,PICOS,PI,2208007
2208106,PIMENTEIRAS,PI,2208106
2208205,PIO IX,PI,2208205
2208304,PIRACURUCA,PI,2208304
2208403,PIRIPIRI,PI,2208403
2208809,REGENERACAO,PI,2208809
2210508,SAO PEDRO DO PIAUI,PI,2210508
2210706,SIMOES,PI,2210706
2211001,TERESINA,PI,2211001
2211209,URUCUI,PI,2211209
2211308,VALENCA DO PIAUI,PI,2211308
2300101,ABAIARA,CE,2300101
2300200,ACARAU,CE,2300200
2300309,ACOPIARA,CE,2300309
2300408,AIUABA,CE,2300408
2300507,ALCANTARAS,CE,2300507
2300606,ALTANEIRA,CE,2300606
2300754,AMONTADA,CE,2300754
2300804,ANTONINA DO NORTE,CE,2300804
2300903,APUIARES,CE,2300903
2301000,AQUIRAZ,CE,2301000
2301109,ARACATI,CE,2301109
2301208,ARACOIABA,CE,2301208
2301307,ARARIPE,CE,2301307
2301406,ARATUBA,CE,2301406
2301505,ARNEIROZ,CE,2301505
2301604,ASSARE,CE,2301604
2301703,AURORA,CE,2301703
2301802,BAIXIO,CE,2301802
2301901,BARBALHA,CE,2301901
2302008,BARRO,CE,2302008
2302057,BARROQUINHA,CE,2302057
2302107,BATURITE,CE,2302107
2302206,BEBERIBE,CE,2302206
2302305,BELA CRUZ,CE,2302305
2302503,BREJO SANTO,CE,2302503
2302602,CAMOCIM,CE,2302602
2302701,CAMPOS SALES,CE,2302701
2302800,CANINDE,RS,2302800
2302909,CAPISTRANO,CE,2302909
2303006,CARIDADE,CE,2303006
2303105,CARIRE,CE,2303105
2303204,CARIRIACU,CE,2303204
2303303,CARIUS,CE,2303303
2303402,CARNAUBAL,CE,2303402
2303501,CASCAVEL,CE,2303501
2303709,CAUCAIA,CE,2303709
2303808,CEDRO,CE,2303808
2303907,CHAVAL,CE,2303907
2304004,COREAU,CE,2304004
2304103,CRATEUS,CE,2304103
2304202,CRATO,CE,2304202
2304251,CRUZ,CE,2304251
2304285,EUSEBIO,CE,2304285
2304301,FARIAS BRITO,CE,2304301
2304350,FORQUILHA,CE,2304350
2304400,FORTALEZA,CE,2304400
2304509,FRECHEIRINHA,CE,2304509
2304608,SAMPAIO,CE,2304608
2304657,GRACA,CE,2304657
2304707,GRANJA,CE,2304707
2304806,GRANJEIRO,CE,2304806
2304905,GROAIRAS,CE,2304905
2304954,GUAIUBA,CE,2304954
2305001,GUARACIABA DO NORTE,CE,2305001
2305100,GUARAMIRANGA,CE,2305100
2305308,IBIAPINA,CE,2305308
2305407,ICO,CE,2305407
2305506,IGUATU,CE,2305506
2305605,INDEPENDENCIA,CE,2305605
2305704,IPAUMIRIM,CE,2305704
2305803,IPU,CE,2305803
2305902,IPUEIRAS,CE,2305902
2306108,IRAUCUBA,CE,2306108
2306207,ITAICABA,CE,2306207
2306306,ITAPAJE,CE,2306306
2306405,ITAPICOCA,CE,2306405
2306504,ITAPIUNA,CE,2306504
2306553,ITAREMA,CE,2306553
2306603,ITATIRA,CE,2306603
2306702,JAGUARETAMA,CE,2306702
2307007,JAGUARUANA,CE,2307007
2307106,JARDIM,CE,2307106
2307205,JATI,CE,2307205
2307304,JUAZEIRO DO NORTE,CE,2307304
2307502,LAVRAS DA MANGABEIRA,CE,2307502
2307601,LIMOEIRO DO NORTE,CE,2307601
2307650,MARACANAU,CE,2307650
2307700,MARANGUAPE,CE,2307700
2307809,MARCO,CE,2307809
2307908,MARTINOPOLE,CE,2307908
2308005,MASSAPE,CE,2308005
2308104,MAURITI,CE,2308104
2308203,MERUOCA,CE,2308203
2308302,MILAGRES,CE,2308302
2308401,MISSAO VELHA,CE,2308401
2308609,MONSENHOR TABOSA,CE,2308609
2308708,MORADA NOVA,CE,2308708
2308807,MORAUJO,CE,2308807
2308906,MORRINHOS,CE,2308906
2309003,MUCAMBO,CE,2309003
2309102,MULUNGU,CE,2309102
2309201,NOVA OLINDA,CE,2309201
2309300,NOVA RUSSAS,CE,2309300
2309409,NOVO ORIENTE,CE,2309409
2309607,PACAJUS,CE,2309607
2309706,PACATUBA,CE,2309706
2309805,PACOTI,CE,2309805
2309904,PACUJA,CE,2309904
2310001,PALHANO,CE,2310001
2310100,PALMACIA,CE,2310100
2310209,PARACURU,CE,2310209
2310308,PARAMBU,CE,2310308
2310407,PARAMOTI,CE,2310407
2310605,PENAFORTE,CE,2310605
2310704,PENTECOSTE,CE,2310704
2310902,PIQUET CARNEIRO,CE,2310902
2310951,PIRES FERREIRA,CE,2310951
2311009,PORANGA,CE,2311009
2311108,PORTEIRAS,CE,2311108
2311207,POTENGI,CE,2311207
2311306,QUIXADA,CE,2311306
2311405,QUIXERAMOBIM,CE,2311405
2311504,QUIXERE,CE,2311504
2311603,REDENCAO,CE,2311603
2311702,RERIUTABA,CE,2311702
2311801,RUSSAS,CE,2311801
2312007,SANTANA DO ACARAU,CE,2312007
2312106,SANTANA DO CARIRI,CE,2312106
2312205,SANTA QUITERIA,CE,2312205
2312304,SAO BENEDITO,CE,2312304
2312403,SAO GONCALO DO AMARANTE,CE,2312403
2312502,SAO JOAO DO JAGUARIBE,CE,2312502
2312601,SAO LUIZ DO CURU,CE,2312601
2312601,SAO LUIS DO CURU,CE,2312601
2312809,SENADOR SA,CE,2312809
2312908,SOBRAL,CE,2312908
2313005,SOLONOPOLE,CE,2313005
2313104,TABULEIRO DO NORTE,CE,2313104
2313203,STO ANTONIO DA PLATINA,PR,2313203
2313203,SUCESSO,CE,2313203
2313203,TAMBORIL,CE,2313203
2313302,TAUA,CE,2313302
2313401,TIANGUA,CE,2313401
2313500,TRAIRI,CE,2313500
2313609,UBAJARA,CE,2313609
2313708,UMARI,CE,2313708
2313757,UMIRIM,CE,2313757
2313807,URUBURETAMA,CE,2313807
2313906,URUOCA,CE,2313906
2313955,VARJOTA,CE,2313955
2314003,VARZEA ALEGRE,CE,2314003
2314102,VICOSA DO CEARA,CE,2314102
2400109,ACARI,RN,2400109
2400208,ASSU,RN,2400208
2400703,ALTO DOS RODRIGUES,RN,2400703
2401008,APODI,RN,2401008
2401107,AREIA BRANCA,RN,2401107
2401305,AUGUSTO SEVERO,RN,2401305
2401453,BARAUNA,RN,2401453
2401701,BOM JESUS,RN,2401701
2402006,CAICO,RN,2402006
2402105,CAMPO REDONDO,RN,2402105
2402204,CANGUARETAMA,RN,2402204
2402303,CARAUBAS,RN,2402303
2402402,CARNAUBA DOS DANTAS,RN,2402402
2402501,CARNAUBAIS,RN,2402501
2402600,CEARA MIRIM,RN,2402600
2402709,CERRO CORA,RN,2402709
2403004,CRUZETA,RN,2403004
2403103,CURRAIS NOVOS,RN,2403103
2403251,EDUARDO GOMES,RN,2403251
2403400,EQUADOR,RN,2403400
2403509,ESPIRITO SANTO,RN,2403509
2403608,EXTREMOZ,RN,2403608
2403707,FELIPE GUERRA,RN,2403707
2403806,FLORANIA,RN,2403806
2404200,GOIANINHA,RN,2404200
2404309,GOV DIX SEPT ROSADO,RN,2404309
2404408,GROSSOS,RN,2404408
2404705,IPANGUACU,RN,2404705
2404903,ITAU,RN,2404903
2405207,JANDUIS,RN,2405207
2405702,JARDIM DO SERIDO,RN,2405702
2406502,LAGOA NOVA,RN,2406502
2406700,LAJES,RN,2406700
2406809,LAGES PINTADAS,RN,2406809
2407005,LUIZ GOMES,RN,2407005
2407104,MACAIBA,RN,2407104
2407203,MACAU,RN,2407203
2407302,MARCELINO VIEIRA,RN,2407302
2407401,MARTINS,RN,2407401
2407500,MAXARANGUAPE,RN,2407500
2408003,MOSSORO,RN,2408003
2408102,NATAL,RN,2408102
2408409,OLHO D AQUA DOS BORGES,RN,2408409
2408706,PARAU,RN,2408706
2408904,PARELHAS,RN,2408904
2409209,PASSAGEM,MG,2409209
2409308,PATU,RN,2409308
2409407,PAU DOS FERROS,RN,2409407
2410207,PORTALEGRE,RN,2410207
2411007,RODOLFO FERNANDES,RN,2411007
2411205,SANTA CRUZ,RN,2411205
2411403,SANTANA DO MATOS,RN,2411403
2411429,SANTANA DO SERIDO,RN,2411429
2411908,SAO FRANCISCO DO OESTE,RN,2411908
2412005,SAO GONCALO DO AMARANTE,RN,2412005
2412203,SAO JOSE DO MIPIBU,RN,2412203
2412401,SAO JOSE DO SERIDO,RN,2412401
2412807,SAO RAFAEL,RN,2412807
2412906,SAO TOME,RN,2412906
2413003,SAO VICENTE,BA,2413003
2413003,SAO VICENTE,RN,2413003
2413409,SERRA NEGRA DO NORTE,RN,2413409
2413607,SEVERIANO MELO,RN,2413607
2414100,TENENTE ANANIAS,RN,2414100
2414506,UMARIZAL,RN,2414506
2414605,UPANEMA,RN,2414605
2500304,ALAGOA GRANDE,PA,2500304
2500304,ALAGOA GRANDE,PB,2500304
2500403,ALAGOA NOVA,PA,2500403
2500601,ALHANDRA,PB,2500601
2500700,SAO JOAO DO RIO DO PEIXE,PB,2500700
2501005,ARARUNA,PB,2501005
2501104,AREIA,PA,2501104
2501104,AREIA,PB,2501104
2501807,BAYEUX,PB,2501807
2502102,BOA VENTURA,PB,2502102
2502508,BOQUEIRAO,PB,2502508
2502607,BOQUEIRAO DOS COCHOS,PB,2502607
2503001,CAAPORA,PB,2503001
2503209,CABEDELO,PB,2503209
2503407,CACIMBA DE AREIA,PB,2503407
2503506,CACIMBA DE DENTRO,PB,2503506
2503704,CAJAZEIRAS,PB,2503704
2504009,CAMPINA GRANDE,PB,2504009
2504207,CATINGUEIRA,PB,2504207
2504405,CONCEICAO,PB,2504405
2504504,CONDADO,PB,2504504
2504603,CONDE,PB,2504603
2504801,COREMAS,PB,2504801
2504900,CRUZ DO ESPIRITO SANTO,PB,2504900
2505105,CUITE,PB,2505105
2505303,CURRAL VELHO,PB,2505303
2505600,DIAMANTE,PB,2505600
2505907,EMAS,PB,2505907
2506004,ESPERANCA,PA,2506004
2506103,FAGUNDES,PA,2506103
2506301,GUARABIRA,PB,2506301
2506608,IBIARA,PB,2506608
2506707,IMACULADA,PB,2506707
2506806,INGA,PB,2506806
2506905,ITABAIANA,PB,2506905
2507002,ITAPORANGA,PB,2507002
2507507,JOAO PESSOA,PB,2507507
2507804,JUNCO DO SERICO,PB,2507804
2508109,SAO SEBASTIAO DA LAGOA DA ROCA,PB,2508109
2508307,LAGOA SECA,PA,2508307
2508802,MALTA,PB,2508802
2508901,MAMANGUAPE,PB,2508901
2509008,MANAIRA,PB,2509008
2509107,MARI,PB,2509107
2509206,MASSARANDUBA,PA,2509206
2510105,NOVA FLORESTA,PB,2510105
2510204,NOVA OLINDA,PB,2510204
2510501,OLIVEDOS,PB,2510501
2510709,PASSAGEM,PB,2510709
2510808,PATOS,PB,2510808
2511301,PIANCO,PB,2511301
2511400,PICUI,PB,2511400
2511905,PITIMBU,PB,2511905
2512002,POCINHOS,PA,2512002
2512309,PRINCESA ISABEL,PB,2512309
2512408,PUXINANA,PA,2512408
2512408,PUXINANA,PB,2512408
2512507,QUEIMADAS,PB,2512507
2512606,QUIXABA,PB,2512606
2512705,REMIGIO,PA,2512705
2512903,RIO TINTO,PB,2512903
2513000,SALGADINHO,PB,2513000
2513406,SANTA LUZIA,PB,2513406
2513505,SANTANA DE MANGUEIRA,PB,2513505
2513604,SANTANA DOS GARROTES,PB,2513604
2513703,SANTA RITA,PB,2513703
2514107,SAO JOAO DO TIGRE,PB,2514107
2514404,SAO JOSE DE ESPINHARAS,PB,2514404
2514404,SAO JOSE DE ESPINHARES,PB,2514404
2514602,SAO JOSE DO BONFIM,PB,2514602
2514701,SAO JOSE DO SABUGI,PB,2514701
2514909,SAO MAMEDE,PB,2514909
2515302,SAPE,PB,2515302
2515708,SERRA GRANDE,PB,2515708
2516201,SOUSA,PB,2516201
2516607,TAVARES,PB,2516607
2516706,TEIXEIRA,PB,2516706
2516904,UIRAUNA,PB,2516904
2600203,AFRANIO,PE,2600203
2600401,AGUA PRETA,PE,2600401
2600500,AGUAS BELAS,PE,2600500
2600609,ALAGOINHA,PE,2600609
2600708,ALIANCA,PE,2600708
2601102,ARARIPINA,PE,2601102
2601201,ARCOVERDE,PE,2601201
2601409,BARREIROS,PE,2601409
2601706,BELO JARDIM,PE,2601706
2602001,BODOCO,PE,2602001
2602605,BREJO DA MADRE DE DEUS,PE,2602605
2602902,CABO,PE,2602902
2602902,CABO DE SANTO AGOSTINHO,PE,2602902
2603009,CABROBO,PE,2603009
2603801,CAPOEIRAS,PE,2603801
2603900,CARNAIBA,PE,2603900
2604007,CARPINA,PE,2604007
2604106,CARUARU,PE,2604106
2604502,CHA GRANDE,PE,2604502
2605103,CUSTODIA,PE,2605103
2605202,ESCADA,PE,2605202
2605301,EXU,PE,2605301
2605707,FLORESTA,PE,2605707
2606002,GARANHUNS,PE,2606002
2606200,GOIANA,PE,2606200
2606507,IATI,PE,2606507
2606606,IBIMIRIM,PE,2606606
2606705,IBIRAJUBA,PE,2606705
2606804,IGARASSU,PE,2606804
2607208,IPOJUCA,PE,2607208
2607307,IPUBI,PE,2607307
2607604,ITAMARACA,PE,2607604
2607802,ITAQUITINGA,PE,2607802
2607901,JABOATAO,PE,2607901
2608206,JOAQUIM NABUCO,PE,2608206
2608404,JUREMA,PE,2608404
2609154,MANARI,PE,2609154
2609204,MARAIAL,PE,2609204
2609402,MORENO,PE,2609402
2609600,OLINDA,PE,2609600
2609907,OURICURI,PE,2609907
2610004,PALMARES,PE,2610004
2610400,PARNAMIRIM,PE,2610400
2610707,PAULISTA,PE,2610707
2610905,PESQUEIRA,PE,2610905
2611101,PETROLINA,PE,2611101
2611200,POCAO,PE,2611200
2611309,POMBOS,PE,2611309
2611507,QUIPAPA,PE,2611507
2611606,RECIFE,PE,2611606
2611804,RIBEIRAO,PE,2611804
2611903,RIO FORMOSO,PE,2611903
2612208,SALGUEIRO,PE,2612208
2612455,SANTA CRUZ,PE,2612455
2612505,SANTA CRUZ DO CAPIBARIBE,PE,2612505
2612604,SANTA MARIA DA BOA VISTA,PE,2612604
2612901,SAO BENEDITO DO SUL,PE,2612901
2613503,SAO JOSE DO BELMONTE,PE,2613503
2613602,SAO JOSE DO EGITO,PE,2613602
2613701,SAO LOURENCO DA MATA,PE,2613701
2613909,SERRA TALHADA,PE,2613909
2614204,SIRINHAEM,PE,2614204
2614303,MOREILANDIA,PE,2614303
2615003,TAQUARATINGA DO NORTE,PE,2615003
2615201,TERRA NOVA,PR,2615201
2615607,TRINDADE,PE,2615607
2616308,VICENCIA,PE,2616308
2616407,VITORIA DE SANTO ANTAO,PE,2616407
2700102,AGUA BRANCA,AL,2700102
2700201,ANADIA,AL,2700201
2700300,ARAPIRACA,AL,2700300
2700409,ATALAIA,AL,2700409
2701001,BOCA DA MATA,AL,2701001
2701100,BRANQUINHA,AL,2701100
2701209,CACIMBINHAS,AL,2701209
2701308,CAJUEIRO,AL,2701308
2701357,CAMPESTRE,AL,2701357
2701407,CAMPO ALEGRE,AL,2701407
2701704,CAPELA,AL,2701704
2701803,CARNEIROS,AL,2701803
2702306,CORURIPE,AL,2702306
2702355,CRAIBAS,AL,2702355
2702801,FLEXEIRAS,AL,2702801
2703106,IGACI,AL,2703106
2703809,JOAQUIM GOMES,AL,2703809
2704203,LIMOEIRO DE ANADIA,AL,2704203
2704302,MACEIO,AL,2704302
2704401,MAJOR ISIDORO,AL,2704401
2704708,MARECHAL DEODORO,AL,2704708
2704807,MARIBONDO,AL,2704807
2705101,MATRIZ DE CAMARAGIBE,AL,2705101
2705507,MURICI,AL,2705507
2705606,NOVO LINO,AL,2705606
2706109,OURO BRANCO,AL,2706109
2706307,PALMEIRA DOS INDIOS,AL,2706307
2706406,PAO DE ACUCAR,AL,2706406
2706703,PENEDO,AL,2706703
2706901,PILAR,AL,2706901
2707008,PINDOBA,AL,2707008
2707305,PORTO CALVO,AL,2707305
2707404,PORTO DE PEDRAS,AL,2707404
2707503,PORTO REAL DO COLEGIO,AL,2707503
2707701,RIO LARGO,AL,2707701
2707909,Santa Luzia do Norte,AL,2707909
2708006,SANTANA DO IPANEMA,AL,2708006
2708204,SAO BRAS,AL,2708204
2708303,SAO JOSE DA LAJE,AL,2708303
2708501,SAO LUIS DO QUITUNDE,AL,2708501
2708600,SAO MIGUEL DOS CAMPOS,AL,2708600
2708808,SAO SEBASTIAO,AL,2708808
2709103,TAQUARANA,AL,2709103
2709152,TEOTONIO VILELA,AL,2709152
2709301,UNIAO DOS PALMARES,AL,2709301
2709400,VICOSA,AL,2709400
2800209,AQUIDABA,SE,2800209
2800308,ARACAJU,SE,2800308
2800407,ARAUA,SE,2800407
2801306,CAPELA,SE,2801306
2801702,CRISTINAPOLIS,SE,2801702
2801900,CUMBE,SE,2801900
2802106,ESTANCIA,SP,2802106
2802106,ESTANCIA,SE,2802106
2802304,FREI PAULO,SE,2802304
2802908,ITABAIANA,SE,2802908
2803500,LAGARTO,SP,2803500
2804201,MONTE ALEGRE DE SERGIPE,SE,2804201
2804508,NOSSA SENHORA DA GLORIA,SE,2804508
2805505,POCO VERDE,SE,2805505
2805604,PORTO DA FOLHA,SE,2805604
2805703,PROPRIA,SE,2805703
2806206,SALGADO,PE,2806206
2806305,SANTA LUZIA DO ITANHY,SE,2806305
2807501,TOMAR DO GERU,SE,2807501
2900108,ABAIRA,BA,2900108
2900405,AGUA FRIA,BA,2900405
2900603,AIQUARA,BA,2900603
2900702,ALAGOINHAS,BA,2900702
2900801,ALCOBACA,BA,2900801
2900900,ALMADINA,BA,2900900
2901007,AMARGOSA,BA,2901007
2901106,AMELIA RODRIGUES,BA,2901106
2901155,AMERICA DOURADA,BA,2901155
2901205,ANAGE,BA,2901205
2901304,ANDARAI,BA,2901304
2901502,ANGUERA,BA,2901502
2901601,ANTAS,BA,2901601
2901700,ANTONIO CARDOSO,BA,2901700
2901809,ANTONIO GONCALVES,BA,2901809
2901957,APUAREMA,BA,2901957
2902005,ARACATU,BA,2902005
2902054,ARACAS,BA,2902054
2902104,ARACI,BA,2902104
2902252,ARATACA,BA,2902252
2902401,AURELINO LEAL,BA,2902401
2902609,BAIXA GRANDE,BA,2902609
2902708,BARRA,BA,2902708
2902807,BARRA DA ESTIVA,BA,2902807
2902906,BARRA DO CHOCA,BA,2902906
2903201,BARREIRAS,BA,2903201
2903409,BELMONTE,BA,2903409
2903508,BELO CAMPO,BA,2903508
2903706,BOA NOVA,BA,2903706
2903805,BOA VISTA DO TUPIM,BA,2903805
2903904,BOM JESUS DA LAPA,BA,2903904
2904050,BONITO,BA,2904050
2904100,BOQUIRA,BA,2904100
2904209,BOTUPORA,BA,2904209
2904308,BREJOES,BA,2904308
2904506,BROTAS DE MACAUBAS,BA,2904506
2904605,BRUMADO,BA,2904605
2904704,BUERAREMA,BA,2904704
2904803,CAATIBA,BA,2904803
2905008,CACULE,BA,2905008
2905107,CAEM,BA,2905107
2905206,CAETITE,BA,2905206
2905404,CAIRU,BA,2905404
2905602,CAMACAN,BA,2905602
2905701,CAMACARI,BA,2905701
2905800,CAMAMU,BA,2905800
2905909,CAMPO ALEGRE DE LOURDES,BA,2905909
2906006,CAMPO FORMOSO,BA,2906006
2906204,CANARANA,BA,2906204
2906303,CANAVIEIRAS,BA,2906303
2906402,CANDEAL,BA,2906402
2906501,CANDEIAS,BA,2906501
2906600,CANDIBA,BA,2906600
2906709,CANDIDO SALES,BA,2906709
2906873,CAPIM GROSSO,BA,2906873
2906899,CARAIBAS,BA,2906899
2906907,CARAVELAS,BA,2906907
2907103,CARINHANHA,BA,2907103
2907202,CASA NOVA,BA,2907202
2907301,CASTRO ALVES,BA,2907301
2907509,CATU,BA,2907509
2907558,CATURAMA,BA,2907558
2908002,COARACI,BA,2908002
2908101,COCOS,BA,2908101
2908200,CONCEICAO DE FEIRA,BA,2908200
2908408,CONCEICAO DO COITE,BA,2908408
2908507,CONCEICAO DE JACUIPE,BA,2908507
2908705,CONDEUBA,BA,2908705
2908804,CONTENDAS DO SINCORA,BA,2908804
2908903,CORACAO DE MARIA,BA,2908903
2909000,CORDEIROS,BA,2909000
2909109,CORIBE,BA,2909109
2909307,CORRENTINA,BA,2909307
2909505,CRAVOLANDIA,BA,2909505
2909802,CRUZ DAS ALMAS,BA,2909802
2909901,CURACA,BA,2909901
2910057,DIAS D AVILA,BA,2910057
2910206,DOM MACEDO COSTA,BA,2910206
2910305,ELISIO MEDRADO,BA,2910305
2910404,ENCRUZILHADA,BA,2910404
2910701,EUCLIDES DA CUNHA,BA,2910701
2910727,EUNAPOLIS,BA,2910727
2910800,FEIRA DE SANTANA,BA,2910800
2910859,FILADELFIA,BA,2910859
2910909,FIRMINO ALVES,BA,2910909
2911006,FLORESTA AZUL,BA,2911006
2911204,GANDU,BA,2911204
2911253,GAVIAO,BA,2911253
2911303,GENTIO DO OURO,BA,2911303
2911501,GONGOGI,BA,2911501
2911600,GOVERNADOR MANGABEIRA,BA,2911600
2911659,GUAJERU,BA,2911659
2911709,GUANAMBI,BA,2911709
2911808,GUARATINGA,BA,2911808
2911907,IACU,BA,2911907
2912004,IBIASSUCE,BA,2912004
2912103,IBICARAI,BA,2912103
2912301,IBICUI,BA,2912301
2912707,IBIRAPITANGA,BA,2912707
2912806,IBIRAPUA,BA,2912806
2912905,IBIRATAIA,BA,2912905
2913002,IBITIARA,BA,2913002
2913101,IBITITA,BA,2913101
2913309,ICHU,BA,2913309
2913507,IGUAI,BA,2913507
2913606,ILHEUS,BA,2913606
2913804,IPECAETA,BA,2913804
2913903,IPIAU,BA,2913903
2914000,IPIRA,BA,2914000
2914208,IRAJUBA,BA,2914208
2914406,IRAQUARA,BA,2914406
2914505,IRARA,BA,2914505
2914604,IRECE,BA,2914604
2914703,ITABERABA,BA,2914703
2914802,ITABUNA,BA,2914802
2914901,ITACARE,BA,2914901
2915007,ITAETE,BA,2915007
2915106,ITAGI,BA,2915106
2915205,ITAGIBA,BA,2915205
2915304,ITAGIMIRIM,BA,2915304
2915353,ITAGUACU DA BAHIA,BA,2915353
2915403,ITAJU DO COLONIA,BA,2915403
2915502,ITAJUIPE,BA,2915502
2915601,ITAMARAJU,BA,2915601
2915809,ITAMBE,BA,2915809
2916005,ITANHEM,BA,2916005
2916104,ITAPARICA,BA,2916104
2916203,ITAPE,BA,2916203
2916302,ITAPEBI,BA,2916302
2916401,ITAPETINGA,BA,2916401
2916609,ITAPITANGA,BA,2916609
2916708,ITAQUARA,BA,2916708
2916807,ITARANTIM,BA,2916807
2916906,ITIRUCU,BA,2916906
2917003,ITIUBA,BA,2917003
2917102,ITORORO,BA,2917102
2917201,ITUACU,BA,2917201
2917300,ITUBERA,BA,2917300
2917334,IUIU,BA,2917334
2917359,JABORANDI,BA,2917359
2917409,JACARACI,BA,2917409
2917508,JACOBINA,BA,2917508
2917607,JAGUAQUARA,BA,2917607
2917706,JAGUARARI,BA,2917706
2917904,JANDAIRA,BA,2917904
2918001,JEQUIE,BA,2918001
2918100,JEREMOABO,BA,2918100
2918209,JIQUIRICA,BA,2918209
2918308,JITAUNA,BA,2918308
2918357,JOAO DOURADO,BA,2918357
2918407,JUAZEIRO,BA,2918407
2918456,JUCURUCU,BA,2918456
2918506,JUSSARA,BA,2918506
2918555,JUSSARI,BA,2918555
2918605,JUSSIAPE,BA,2918605
2918704,LAFAIETE COUTINHO,BA,2918704
2918753,LAGOA REAL,BA,2918753
2918803,LAJE,BA,2918803
2919108,LAMARAO,BA,2919108
2919157,LAPAO,BA,2919157
2919207,LAURO DE FREITAS,BA,2919207
2919405,LICINIO DE ALMEIDA,BA,2919405
2919504,LIVRAMENTO DE NOSSA SENHORA,BA,2919504
2919553,LUIS EDUARDO MAGALHAES,BA,2919553
2919603,MACAJUBA,BA,2919603
2919702,MACARANI,BA,2919702
2919801,MACAUBAS,BA,2919801
2920106,MAIRI,BA,2920106
2920205,MALHADA,BA,2920205
2920403,MANOEL VITORINO,BA,2920403
2920502,MARACAS,BA,2920502
2920700,MARAU,BA,2920700
2920809,MARCIONILIO SOUZA,BA,2920809
2920908,MASCOTE,BA,2920908
2921005,MATA DE SAO JOAO,BA,2921005
2921104,MEDEIROS NT,BA,2921104
2921104,MEDEIROS NETO,BA,2921104
2921203,MIGUEL CALMON,BA,2921203
2921302,MILAGRES,BA,2921302
2921401,MIRANGABA,BA,2921401
2921500,MONTE SANTO,BA,2921500
2921708,MORRO DO CHAPEU,BA,2921708
2921807,MORTUGABA,BA,2921807
2921906,MUCUGE,BA,2921906
2922003,MUCURI,BA,2922003
2922102,MUNDO NOVO,BA,2922102
2922409,MUTUIPE,BA,2922409
2922706,NOVA CANAA,BA,2922706
2922755,NOVA IBIA,BA,2922755
2922805,NOVA ITARANA,BA,2922805
2923001,NOVA VICOSA,BA,2923001
2923050,NOVO TRIUNFO,BA,2923050
2923209,OLIVEIRA DOS BREJINHOS,BA,2923209
2923308,OURICANGAS,BA,2923308
2923357,OUROLANDIA,BA,2923357
2923407,PALMAS DE MONTE ALTO,BA,2923407
2923605,PARAMIRIM,BA,2923605
2923704,PARATINGA,BA,2923704
2923902,PAU BRASIL,BA,2923902
2924009,PAULO AFONSO,BA,2924009
2924108,PEDRAO,BA,2924108
2924405,PILAO ARCADO,BA,2924405
2924504,PINDAI,BA,2924504
2924603,PINDOBACU,BA,2924603
2924652,PINTADAS,BA,2924652
2924801,PIRITIBA,BA,2924801
2924900,PLANALTINO,BA,2924900
2925006,PLANALTO,BA,2925006
2925105,POCOES,BA,2925105
2925204,POJUCA,BA,2925204
2925303,PORTO SEGURO,BA,2925303
2925501,PRADO,BA,2925501
2925808,QUEIMADAS,BA,2925808
2926004,REMANSO,BA,2926004
2926103,RETIROLANDIA,BA,2926103
2926301,RIACHAO DO JACUIPE,BA,2926301
2926400,RIACHO DO SANTANA,GO,2926400
2926400,RIACHO DE SANTANA,BA,2926400
2926608,RIBEIRA DO POMBAL,BA,2926608
2926657,RIBEIRAO DO LARGO,BA,2926657
2926707,RIO DE CONTAS,BA,2926707
2927002,RIO REAL,BA,2927002
2927200,RUY BARBOSA,BA,2927200
2927408,SALVADOR,BA,2927408
2927507,SANTA BARBARA,BA,2927507
2927606,SANTA BRIGIDA,BA,2927606
2927705,SANTA CRUZ CABRALIA,BA,2927705
2927903,SANTA INES,BA,2927903
2928059,SANTA LUZ,BA,2928059
2928059,SANTA LUZIA,BA,2928059
2928109,SANTA MARIA DA VITORIA,BA,2928109
2928208,SANTANA,BA,2928208
2928307,SANTANOPOLIS,BA,2928307
2928505,SANTA TEREZINHA,BA,2928505
2928604,SANTO AMARO,BA,2928604
2928703,SANTO ANTONIO DE JESUS,BA,2928703
2928802,SANTO ESTEVAO,BA,2928802
2929057,SAO FELIX DO CORIBE,BA,2929057
2929107,SAO FELIPE,BA,2929107
2929206,MATARIPE,BA,2929206
2929206,SAO FRANCISCO DO CONDE,BA,2929206
2929255,SAO GABRIEL,BA,2929255
2929305,SAO GONCALO DOS CAMPOS,BA,2929305
2929404,SAO MIGUEL DAS MATAS,BA,2929404
2929503,SAO SEBASTIAO DO PASSE,BA,2929503
2929602,SAPEACU,BA,2929602
2930105,SENHOR DO BONFIM,BA,2930105
2930154,SERRA DO RAMALHO,BA,2930154
2930204,SENTO SE,BA,2930204
2930402,SERRA PRETA,BA,2930402
2930501,SERRINHA,BA,2930501
2930709,SIMOES FO,BA,2930709
2930774,SOBRADINHO,BA,2930774
2931004,TANHACU,BA,2931004
2931053,TANQUE NOVO,BA,2931053
2931103,TANQUINHO,BA,2931103
2931301,TAPIRAMUTA,BA,2931301
2931350,TEIXEIRA DE FREITAS,BA,2931350
2931806,TREMEDAL,BA,2931806
2931905,TUCANO,BA,2931905
2932101,UBAIRA,BA,2932101
2932200,UBAITABA,BA,2932200
2932408,UIBAI,BA,2932408
2932457,UMBURANAS,BA,2932457
2932507,UNA,BA,2932507
2932606,URANDI,BA,2932606
2932705,URUCUCA,BA,2932705
2932804,UTINGA,BA,2932804
2932903,VALENCA,BA,2932903
2933000,VALENTE,BA,2933000
2933109,VARZEA DO POCO,BA,2933109
2933158,VARZEA NOVA,BA,2933158
2933307,VITORIA DA CONQUISTA,BA,2933307
2933406,WAGNER,BA,2933406
2933604,XIQUE-XIQUE,BA,2933604
3100104,ABADIA DOS DOURADOS,MG,3100104
3100203,ABAETE,MG,3100203
3100302,ABRE CAMPO,MG,3100302
3100401,ACAIACA,MG,3100401
3100500,ACUCENA,MG,3100500
3100609,AGUA BOA,MG,3100609
3100708,AGUA COMPRIDA,MG,3100708
3100906,AGUAS FORMOSAS,MG,3100906
3101003,AGUAS VERMELHAS,MG,3101003
3101102,AIMORES,MG,3101102
3101201,AIURUOCA,MG,3101201
3101300,ALAGOA,MG,3101300
3101508,ALEM PARAIBA,MG,3101508
3101607,ALFENAS,MG,3101607
3101706,ALMENARA,MG,3101706
3101904,ALPINOPOLIS,MG,3101904
3102001,ALTEROSA,MG,3102001
3102100,ALTO RIO DOCE,MG,3102100
3102209,ALVARENGA,MG,3102209
3102308,ALVINOPOLIS,MG,3102308
3102407,ALVORADA DE MINAS,MG,3102407
3102605,ANDRADAS,MG,3102605
3102704,CACHOEIRA DE PAJEU,MG,3102704
3102803,ANDRELANDIA,MG,3102803
3102852,ANGELANDIA,MG,3102852
3102902,ANTONIO CARLOS,MG,3102902
3103009,ANTONIO DIAS,MG,3103009
3103306,ARACITABA,MG,3103306
3103405,ARACUAI,MG,3103405
3103504,ARAGUARI,MG,3103504
3103504,PIRACAIBA,MG,3103504
3103751,ARAPORA,MG,3103751
3103801,ARAPUA,MG,3103801
3103900,ARAUJOS,MG,3103900
3104007,ARAXA,MG,3104007
3104007,UNIMED ARAXA,MG,3104007
3104106,ARCEBURGO,MG,3104106
3104205,ARCOS,MG,3104205
3104304,AREADO,MG,3104304
3104403,ARGIRITA,MG,3104403
3104452,ARICANDUVA,MG,3104452
3104502,ARINOS,MG,3104502
3104700,ATALEIA,MG,3104700
3104809,AUGUSTO DE LIMA,MG,3104809
3104908,BAEPENDI,MG,3104908
3105103,BAMBUI,MG,3105103
3105202,BANDEIRA,MG,3105202
3105301,BANDEIRA DO SUL,MG,3105301
3105400,BARAO DE COCAIS,MG,3105400
3105608,BARBACENA,MG,3105608
3105707,BARRA LONGA,MG,3105707
3105905,BARROSO,MG,3105905
3106002,BELA VISTA DE MINAS,MG,3106002
3106200,BELO HORIZONTE,MG,3106200
3106309,BELO ORIENTE,MG,3106309
3106408,BELO VALE,MG,3106408
3106507,BERILO,MG,3106507
3106606,BERTOPOLIS,MG,3106606
3106705,BETIM,MG,3106705
3106804,BIAS FORTES,MG,3106804
3106903,BICAS,MG,3106903
3107000,BIQUINHAS,MG,3107000
3107109,BOA ESPERANCA,MG,3107109
3107307,BOCAIUVA,MG,3107307
3107307,DOLABELA,MG,3107307
3107406,BOM DESPACHO,MG,3107406
3107505,BOM JARDIM DE MINAS,MG,3107505
3107604,BOM JESUS DA PENHA,MG,3107604
3107802,BOM JESUS DO GALHO,MG,3107802
3107901,BOM REPOUSO,MG,3107901
3108008,BOM SUCESSO,MG,3108008
3108107,BONFIM,MG,3108107
3108206,BONFINOPOLIS,MG,3108206
3108206,BONFINOPOLIS DE MINAS,MG,3108206
3108305,BORDA DA MATA,MG,3108305
3108404,BOTELHOS,MG,3108404
3108503,BOTUMIRIM,MG,3108503
3108552,BRASILANDIA DE MINAS,MG,3108552
3108602,BRASILIA DE MINAS,MG,3108602
3108800,BRAUNAS,MG,3108800
3108909,BRAZOPOLIS,MG,3108909
3109006,BRUMADINHO,MG,3109006
3109105,BUENO BRANDAO,MG,3109105
3109204,BUENOPOLIS,MG,3109204
3109303,BURITIS,MG,3109303
3109402,BURITIZEIRO,MG,3109402
3109402,CACHOEIRA DA MANTEIGA,MG,3109402
3109402,PAREDAO DE MINAS,MG,3109402
3109501,CABO VERDE,MG,3109501
3109600,CACHOEIRA DA PRATA,MG,3109600
3109709,CACHOEIRA DE MINAS,MG,3109709
3109808,CACHOEIRA DOURADA,MG,3109808
3109907,CAETANOPOLIS,MG,3109907
3110004,CAETE,MG,3110004
3110103,CAIANA,MG,3110103
3110202,CAJURI,MG,3110202
3110301,CALDAS,MG,3110301
3110400,CAMACHO,MG,3110400
3110509,CAMANDUCAIA,MG,3110509
3110608,CAMBUI,MG,3110608
3110707,CAMBUQUIRA,MG,3110707
3110806,CAMPANARIO,MG,3110806
3110905,CAMPANHA,MG,3110905
3111002,CAMPESTRE,MG,3111002
3111101,CAMPINA VERDE,MG,3111101
3111150,CAMPO AZUL,MG,3111150
3111200,CAMPO BELO,MG,3111200
3111309,CAMPO DO MEIO,MG,3111309
3111408,CAMPO FLORIDO,MG,3111408
3111507,CAMPOS ALTOS,MG,3111507
3111606,CAMPOS GERAIS,MG,3111606
3111705,CANAA,MG,3111705
3111804,CANAPOLIS,MG,3111804
3111903,CANA VERDE,MG,3111903
3112000,CANDEIAS,MG,3112000
3112109,CAPARAO,MG,3112109
3112208,CAPELA NOVA,MG,3112208
3112307,CAPELINHA,MG,3112307
3112406,CAPETINGA,MG,3112406
3112505,CAPIM BRANCO,MG,3112505
3112604,CAPINOPOLIS,MG,3112604
3112703,ENEAS,MG,3112703
3112703,CAPITAO ENEAS,MG,3112703
3112802,CAPITOLIO,MG,3112802
3112901,CAPUTIRA,MG,3112901
3113008,CARAI,MG,3113008
3113206,CARANDAI,MG,3113206
3113305,CARANGOLA,MG,3113305
3113404,CARATINGA,MG,3113404
3113503,CARBONITA,MG,3113503
3113602,CAREACU,MG,3113602
3113602,CARIACU,MG,3113602
3113701,CARLOS CHAGAS,MG,3113701
3113909,CARMO DA CACHOEIRA,MG,3113909
3114006,CAMPOS,MG,3114006
3114006,CARMO DA MATA,MG,3114006
3114105,CARMO DE MINAS,MG,3114105
3114204,CARMO DO CAJURU,MG,3114204
3114303,CARMO DO PARANAIBA,MG,3114303
3114402,CARMOS DO RIO CLARO,MG,3114402
3114402,CARMO DO RIO CLARO,MG,3114402
3114501,CARMOPOLIS,MG,3114501
3114501,CARMOPOLIS DE MINAS,MG,3114501
3114550,CARNEIRINHO,MG,3114550
3114600,CARRANCAS,MG,3114600
3114709,CARVALHOPOLIS,MG,3114709
3114907,CASA GRANDE,MG,3114907
3115003,CASCALHO RICO,MG,3115003
3115102,CASSIA,MG,3115102
3115201,CONCEICAO DA BARRA DE MINAS,MG,3115201
3115300,CATAGUASES,MG,3115300
3115359,CATAS ALTAS,MG,3115359
3115409,CATAS ALTAS DA NORUEGA,MG,3115409
3115458,CATUJI,MG,3115458
3115474,CATUTI,MG,3115474
3115508,CAXAMBU,MG,3115508
3115607,CEDRO DO ABAETE,MG,3115607
3115706,CENTRAL DE MINAS,MG,3115706
3115805,CENTRALINA,MG,3115805
3116001,CHALE,MG,3116001
3116100,CHAPADA DO NORTE,MG,3116100
3116159,CHAPADA GAUCHA,MG,3116159
3116308,CIPOTANEA,MG,3116308
3116407,CLARAVAL,MG,3116407
3116506,CLARO DOS POCOES,MG,3116506
3116605,CLAUDIO,MG,3116605
3116704,COIMBRA,MG,3116704
3116902,COMENDADOR GOMES,MG,3116902
3117009,COMERCINHO,MG,3117009
3117108,CONCEICAO DA APARECIDA,MG,3117108
3117306,CONCEICAO DAS ALAGOAS,MG,3117306
3117405,CONCEICAO DE IPANEMA,MG,3117405
3117603,CONCEICAO DO PARA,MG,3117603
3117702,CONCEICAO DO RIO VERDE,MG,3117702
3117801,CONCEICAO DOS OUROS,MG,3117801
3117900,CONGONHAL,MG,3117900
3118007,LOBO LEITE,MG,3118007
3118007,CONGONHAS,MG,3118007
3118201,CIDADE INDUST CONTAGEM,MG,3118201
3118205,CONQUISTA,MG,3118205
3118304,CONSELHEIRO LAFAIETE,MG,3118304
3118403,CONSELHEIRO PENA,MG,3118403
3118601,CONTAGEM,MG,3118601
3118700,COQUEIRAL,MG,3118700
3118809,CORACAO DE JESUS,MG,3118809
3118908,CORDISBURGO,MG,3118908
3119005,CORDISLANDIA,MG,3119005
3119104,CORINTO,MG,3119104
3119104,CARINTO,MG,3119104
3119203,COROACI,MG,3119203
3119302,COROMANDEL,MG,3119302
3119401,CORONEL FABRICIANO,MG,3119401
3119500,CORONEL MURTA,MG,3119500
3119708,XAVIER CHAVES,MG,3119708
3119807,CORREGO DANTA,MG,3119807
3120102,COUTO DE MAGALHAES DE MINAS,MG,3120102
3120151,CRISOLITA,MG,3120151
3120201,CRISTAIS,MG,3120201
3120409,CRISTIANO OTONI,MG,3120409
3120508,CRISTINA,MG,3120508
3120607,CRUCILANDIA,MG,3120607
3120706,CRUZEIRO DA FORTALEZA,MG,3120706
3120706,BREJO BONITO,MG,3120706
3120805,CRUZILIA,MG,3120805
3120904,CURVELO,MG,3120904
3121001,DATAS,MG,3121001
3121100,DELFIM MOREIRA,MG,3121100
3121209,DELFINOPOLIS,MG,3121209
3121258,DELTA,MG,3121258
3121308,DESCOBERTO,MG,3121308
3121407,DESTERRO DE ENTRE RIOS,MG,3121407
3121605,DIAMANTINA,MG,3121605
3121803,DIONISIO,MG,3121803
3121902,DIVINESIA,MG,3121902
3122009,DIVINO,MG,3122009
3122108,DIVINO DAS LARANJEIRAS,MG,3122108
3122207,DIVINOLANDIA DE MINAS,MG,3122207
3122306,DIVINOPOLIS,MG,3122306
3122405,DIVISA NOVA,MG,3122405
3122454,DIVISOPOLIS,MG,3122454
3122470,DOM BOSCO,MG,3122470
3122603,DOM JOAQUIM,MG,3122603
3122702,DOM SILVERIO,MG,3122702
3122801,DOM VICOSO,MG,3122801
3123007,DORES DE CAMPOS,MG,3123007
3123205,DORES DO INDAIA,MG,3123205
3123304,DORES DO TURVO,MG,3123304
3123502,DOURADOQUARA,MG,3123502
3123601,ELOI MENDES,MG,3123601
3123700,ENGENHEIRO CALDAS,MG,3123700
3123809,NAVARRO,MG,3123809
3123809,ENGENHEIRO NAVARRO,MG,3123809
3123908,ENTRE RIOS DE MINAS,MG,3123908
3124005,ERVALIA,MG,3124005
3124104,ESMERALDAS,MG,3124104
3124203,ESPERA FELIZ,MG,3124203
3124302,ESPINOSA,MG,3124302
3124500,ESTIVA,MG,3124500
3124708,ESTRELA DO INDAIA,MG,3124708
3124807,ESTRELA DO SUL,MG,3124807
3125002,EWBANCK DA CAMARA,MG,3125002
3125101,EXTREMA,MG,3125101
3125200,FAMA,MG,3125200
3125606,FELISBURGO,MG,3125606
3125705,FELIXLANDIA,MG,3125705
3125903,FERROS,MG,3125903
3126000,FLORESTAL,MG,3126000
3126109,FORMIGA,MG,3126109
3126208,FORMOSO,MG,3126208
3126307,FORTALEZA DE MINAS,MG,3126307
3126604,FRANCISCO DUMONT,MG,3126604
3126703,FRANCISCO SA,MG,3126703
3126752,FRANCISCOPOLIS,MG,3126752
3126802,FREI GASPAR,MG,3126802
3126901,FREI INOCENCIO,MG,3126901
3127008,FRONTEIRA,MG,3127008
3127073,FRUTA DE LEITE,MG,3127073
3127107,FRUTAL,MG,3127107
3127107,APARECIDA DE MINAS,MG,3127107
3127305,GALILEIA,MG,3127305
3127503,GONZAGA,MG,3127503
3127602,GOUVEIA,MG,3127602
3127701,GOVERNADOR VALADARES,MG,3127701
3127800,GRAO MOGOL,MG,3127800
3127909,GRUPIARA,MG,3127909
3128006,GUANHAES,MG,3128006
3128105,GUAPE,MG,3128105
3128204,GUARACIABA,MG,3128204
3128303,GUARANESIA,MG,3128303
3128402,GUARANI,MG,3128402
3128501,GUARARA,MG,3128501
3128600,GUARDA-MOR,MG,3128600
3128709,GUAXUPE,MG,3128709
3128808,GUIDOVAL,MG,3128808
3128907,GUIMARANIA,MG,3128907
3129004,GUIRICEMA,MG,3129004
3129103,GURINHATA,MG,3129103
3129301,IAPU,MG,3129301
3129400,IBERTIOGA,MG,3129400
3129509,IBIA,MG,3129509
3129509,TOBATI,MG,3129509
3129608,IBIAI,MG,3129608
3129657,IBIRACATU,MG,3129657
3129707,IBIRACI,MG,3129707
3129806,IBIRITE,MG,3129806
3130002,IBITURUNA,MG,3130002
3130101,IGARAPE,MG,3130101
3130200,IGUARATINGA,MG,3130200
3130200,IGARATINGA,MG,3130200
3130309,IGUATAMA,MG,3130309
3130408,IJACI,MG,3130408
3130507,ILICINEA,MG,3130507
3130556,IMBE DE MINAS,MG,3130556
3130606,INCONFIDENTES,MG,3130606
3130705,INDIANOPOLIS,MG,3130705
3130903,INHAPIM,MG,3130903
3131000,INHAUMA,MG,3131000
3131109,INIMUTABA,MG,3131109
3131158,IPABA,MG,3131158
3131208,IPANEMA,MG,3131208
3131307,IPATINGA,MG,3131307
3131406,IPIACU,MG,3131406
3131505,IPUIUNA,MG,3131505
3131604,IRAI DE MINAS,MG,3131604
3131703,ITABIRA,MG,3131703
3131802,ITABIRINHA DE MANTENA,MG,3131802
3131901,ITABIRITO,MG,3131901
3132008,ITACAMBIRA,MG,3132008
3132107,ITACARAMBI,MG,3132107
3132206,ITAGUARA,MG,3132206
3132305,ITAIPE,MG,3132305
3132404,ITAJUBA,MG,3132404
3132503,ITAMARANDIBA,MG,3132503
3132701,ITAMBACURI,MG,3132701
3132800,ITAMBE DE MATO DENTRO,MG,3132800
3132909,ITAMOGI,MG,3132909
3133006,ITAMONTE,MG,3133006
3133105,ITANHANDU,MG,3133105
3133204,ITANHOMI,MG,3133204
3133303,ITAOBIM,MG,3133303
3133402,ITAPAGIPE,MG,3133402
3133501,ITAPECERICA,MG,3133501
3133600,ITAPEVA,MG,3133600
3133709,ITATIAIUCU,MG,3133709
3133758,ITAU DE MINAS,MG,3133758
3133808,ITAUNA,MG,3133808
3133907,ITAVERAVA,MG,3133907
3134004,ITINGA,MG,3134004
3134202,ITUIUTABA,MG,3134202
3134400,ITURAMA,MG,3134400
3134509,ITUTINGA,MG,3134509
3134608,JABOTICATUBAS,MG,3134608
3134707,JACINTO,MG,3134707
3134806,JACUI,MG,3134806
3134905,JACUTINGA,MG,3134905
3135001,JAGUARACU,MG,3135001
3135050,JAIBA,MG,3135050
3135100,JANAUBA,MG,3135100
3135209,JANUARIA,MG,3135209
3135308,JAPARAIBA,MG,3135308
3135357,JAPONVAR,MG,3135357
3135407,JECEABA,MG,3135407
3135506,JEQUERI,MG,3135506
3135605,JEQUITAI,MG,3135605
3135704,JEQUITIBA,MG,3135704
3135803,JEQUITINHONHA,MG,3135803
3135902,JESUANIA,MG,3135902
3136009,JOAIMA,MG,3136009
3136108,JOANESIA,MG,3136108
3136207,JOAO MONLEVADE,MG,3136207
3136306,JOAO PINHEIRO,MG,3136306
3136405,JOAQUIM FELICIO,MG,3136405
3136504,JORDANIA,MG,3136504
3136553,JOSE RAYDAN,MG,3136553
3136652,JUATUBA,MG,3136652
3136702,JUIZ DE FORA,MG,3136702
3136801,JURAMENTO,MG,3136801
3136900,JURUAIA,MG,3136900
3136959,JUVENILIA,MG,3136959
3137007,LADAINHA,MG,3137007
3137106,LAGAMAR,MG,3137106
3137205,LAGOA DA PRATA,MG,3137205
3137304,LAGOA DOS PATOS,MG,3137304
3137403,LAGOA DOURADA,MG,3137403
3137502,LAGOA FORMOSA,MG,3137502
3137536,LAGOA GRANDE,MG,3137536
3137601,LAGOA SANTA,MG,3137601
3137700,LAJINHA,MG,3137700
3137809,LAMBARI,MG,3137809
3137908,LAMIM,MG,3137908
3138104,LASSANCE,MG,3138104
3138203,LAVRAS,MG,3138203
3138302,LEANDRO PEREIRA,MG,3138302
3138302,LINDOIA,SC,3138302
3138351,LEME DO PRADO,MG,3138351
3138401,LEOPOLDINA,MG,3138401
3138500,LIBERDADE,MG,3138500
3138609,DUARTE GERAL,MG,3138609
3138609,LIMA DUARTE,MG,3138609
3138625,LIMEIRA DO OESTE,MG,3138625
3138658,LONTRA,MG,3138658
3138674,LUISBURGO,MG,3138674
3138682,LUISLANDIA,MG,3138682
3138708,LUMINARIAS,MG,3138708
3138807,LUZ,MG,3138807
3138906,MACHACALIS,MG,3138906
3139003,MACHADO,MG,3139003
3139102,MADRE DE DEUS DE MINAS,MG,3139102
3139201,MALACACHETA,MG,3139201
3139300,MANGA,MG,3139300
3139409,MANHUACU,MG,3139409
3139508,MANHUMIRIM,MG,3139508
3139607,MANTENA,MG,3139607
3139706,MARAVILHAS,MG,3139706
3139805,MAR DE ESPANHA,MG,3139805
3139904,MARIA DA FE,MG,3139904
3140001,MARIANA,MG,3140001
3140100,MARILAC,MG,3140100
3140159,MARIO CAMPOS,MG,3140159
3140209,MARIPA DE MINAS,MG,3140209
3140308,MARLIERIA,MG,3140308
3140407,MARMELOPOLIS,MG,3140407
3140506,MARTINHO CAMPOS,MG,3140506
3140530,MARTINS SOARES,MG,3140530
3140704,MATEUS LEME,MG,3140704
3140803,MATIAS BARBOSA,MG,3140803
3140852,MATIAS CARDOSO,MG,3140852
3140902,MATIPO,MG,3140902
3141009,MATO VERDE,MG,3141009
3141108,MATOZINHOS,MG,3141108
3141207,MATUTINA,MG,3141207
3141306,MEDEIROS,MG,3141306
3141405,MEDINA,MG,3141405
3141504,MENDES PIMENTEL,MG,3141504
3141603,MERCES,MG,3141603
3141702,MESQUITA,MG,3141702
3141801,MINAS NOVAS,MG,3141801
3141900,MINDURI,MG,3141900
3142007,MIRABELA,MG,3142007
3142106,MIRADOURO,MG,3142106
3142304,MOEDA,MG,3142304
3142403,MOEMA,MG,3142403
3142502,MONJOLOS,MG,3142502
3142601,MONSENHOR PAULO,MG,3142601
3142700,MONTALVANIA,MG,3142700
3142809,MONTE ALEGRE DE MINAS,MG,3142809
3142908,MONTE AZUL,MG,3142908
3143005,MONTE BELO,MG,3143005
3143104,MONTE CARMELO,MG,3143104
3143203,MONTE SANTO DE MINAS,MG,3143203
3143302,MONTES CLAROS,MG,3143302
3143401,MONTE SIAO,MG,3143401
3143500,MORADA NOVA DE MINAS,MG,3143500
3143708,MORRO DO PILAR,MG,3143708
3143807,MUNHOZ,MG,3143807
3143906,MURIAE,MG,3143906
3144003,MUTUM,MG,3144003
3144102,MUZAMBINHO,MG,3144102
3144300,NANUQUE,MG,3144300
3144359,NAQUE,MG,3144359
3144375,NATALANDIA,MG,3144375
3144409,NATERCIA,MG,3144409
3144508,NAZARENO,MG,3144508
3144607,NEPOMUCENO,MG,3144607
3144706,NOVA ERA,MG,3144706
3144805,NOVA LIMA,MG,3144805
3144904,NOVA MODICA,MG,3144904
3145000,NOVA PONTE,MG,3145000
3145109,NOVA RESENDE,MG,3145109
3145208,NOVA SERRANA,MG,3145208
3145307,NOVO CRUZEIRO,MG,3145307
3145455,OLHOS D AGUA,MG,3145455
3145505,OLIMPIO NORONHA,MG,3145505
3145604,OLIVEIRA,MG,3145604
3145703,OLIVEIRA FORTES,MG,3145703
3145802,ONCA DO PITANGUI,MG,3145802
3145802,ONCA DE PITANGUI,MG,3145802
3145877,ORIZANIA,MG,3145877
3145901,OURO BRANCO,MG,3145901
3146008,OURO FINO,MG,3146008
3146107,AMARANTINA,MG,3146107
3146107,CACHOEIRA DO CAMPO,MG,3146107
3146107,OURO PRETO,MG,3146107
3146206,OURO VERDE DE MINAS,MG,3146206
3146305,PADRE PARAISO,MG,3146305
3146404,PAINEIRAS,MG,3146404
3146503,PAINS,MG,3146503
3146552,PAI PEDRO,MG,3146552
3146602,PAIVA,MG,3146602
3146909,PAPAGAIOS,MG,3146909
3147006,PARACATU,MG,3147006
3147105,PARA DE MINAS,MG,3147105
3147204,PARAGUACU,MG,3147204
3147303,PARAISOPOLIS,MG,3147303
3147402,PARAOPEBA,MG,3147402
3147600,PASSA QUATRO,MG,3147600
3147709,PASSA TEMPO,MG,3147709
3147907,PASSOS,MG,3147907
3148004,PATOS DE MINAS,MG,3148004
3148103,PATROCINIO,MG,3148103
3148301,PAULA CANDIDO,MG,3148301
3148400,PAULISTAS,MG,3148400
3148509,PAVAO,MG,3148509
3148608,PECANHA,MG,3148608
3148707,PEDRA AZUL,MG,3148707
3148905,PEDRA DO INDAIA,MG,3148905
3149101,PEDRALVA,MG,3149101
3149150,PEDRAS DE MARIA DA CRUZ,MG,3149150
3149200,PEDRINOPOLIS,MG,3149200
3149309,PEDRO LEOPOLDO,MG,3149309
3149507,PEQUERI,MG,3149507
3149606,PEQUI,MG,3149606
3149705,PERDIGAO,MG,3149705
3149804,PERDIZES,MG,3149804
3149903,PERDOES,MG,3149903
3149952,PERIQUITO,MG,3149952
3150000,PESCADOR,MG,3150000
3150109,PIAU,MG,3150109
3150208,PIEDADE DE PONTE NOVA,MG,3150208
3150307,PIEDADE DO RIO GRANDE,MG,3150307
3150505,PIMENTA,MG,3150505
3150604,PIRACEMA,MG,3150604
3150703,PIRAJUBA,MG,3150703
3150802,PIRANGA,MG,3150802
3150901,PIRANGUCU,MG,3150901
3151008,PIRANGUINHO,MG,3151008
3151107,PIRAPETINGA,RJ,3151107
3151206,PIRAPORA,MG,3151206
3151305,PIRAUBA,MG,3151305
3151404,PITANGUI,MG,3151404
3151503,PIUMHI,MG,3151503
3151503,PIUI,MG,3151503
3151602,PLANURA,MG,3151602
3151701,POCO FUNDO,MG,3151701
3151800,POCOS DE CALDAS,MG,3151800
3151909,POCRANE,MG,3151909
3152006,POMPEU,MG,3152006
3152105,PONTE NOVA,MG,3152105
3152131,PONTO CHIQUE,MG,3152131
3152204,PORTEIRINHA,MG,3152204
3152303,PORTO FIRME,MG,3152303
3152402,POTE,MG,3152402
3152501,POUSO ALEGRE,MG,3152501
3152600,POUSO ALTO,MG,3152600
3152709,PRADOS,MG,3152709
3152808,PRATA,MG,3152808
3152907,PRATAPOLIS,MG,3152907
3153004,PRATINHA,MG,3153004
3153202,PRESIDENTE JUSCELINO,MG,3153202
3153400,PRESIDENTE OLEGARIO,MG,3153400
3153509,ALTO JEQUITIBA,MG,3153509
3153608,PRUDENTE DE MORAIS,MG,3153608
3153707,QUARTEL GERAL,MG,3153707
3153905,RAPOSOS,MG,3153905
3154002,RAUL SOARES,MG,3154002
3154101,RECREIO,MG,3154101
3154200,RESENDE COSTA,MG,3154200
3154309,RESPLENDOR,MG,3154309
3154408,RESSAQUINHA,MG,3154408
3154457,RIACHINHO,MG,3154457
3154507,RIACHO DOS MACHADOS,MG,3154507
3154606,RIBEIRAO DAS NEVES,MG,3154606
3154705,RIBEIRAO VERMELHO,MG,3154705
3154903,RIO CASCA,MG,3154903
3155108,RIO DO PRADO,MG,3155108
3155207,RIO ESPERA,MG,3155207
3155306,RIO MANSO,MG,3155306
3155405,RIO NOVO,MG,3155405
3155504,GUARDA DOS FERREIROS,MG,3155504
3155504,RIO PARANAIBA,MG,3155504
3155603,RIO PARDO DE MINAS,MG,3155603
3155702,RIO PIRACICABA,MG,3155702
3155801,RIO POMBA,MG,3155801
3156007,RIO VERMELHO,MG,3156007
3156106,RITAPOLIS,MG,3156106
3156304,RODEIRO,MG,3156304
3156403,ROMARIA,MG,3156403
3156601,RUBIM,MG,3156601
3156700,SABARA,MG,3156700
3156809,SABINOPOLIS,MG,3156809
3156908,SACRAMENTO,MG,3156908
3157005,SALINAS,MG,3157005
3157104,SALTO DA DIVISA,MG,3157104
3157203,SANTA BARBARA,MG,3157203
3157252,SANTA BARBARA DO LESTE,MG,3157252
3157302,SANTA BARBARA DO TUGURIO,MG,3157302
3157377,SANTA CRUZ DE SALINAS,MG,3157377
3157500,SANTA EFIGENIA DE MINAS,MG,3157500
3157609,SANTA FE DE MINAS,MG,3157609
3157708,SANTA JULIANA,MG,3157708
3157807,SANTA LUZIA,MG,3157807
3157906,SANTA MARGARIDA,MG,3157906
3158003,SANTA MARIA DE ITABIRA,MG,3158003
3158102,SANTA MARIA DO SALTO,MG,3158102
3158201,SANTA MARIA DO SUACUI,MG,3158201
3158300,SANTANA DA VARGEM,MG,3158300
3158508,SANTANA DE PIRAPAMA,MG,3158508
3158706,SANTANA DO GARAMBEU,MG,3158706
3158805,SANTANA DO JACARE,MG,3158805
3158904,SANTANA DO MANHUACU,MG,3158904
3158953,SANTANA DO PARAISO,MG,3158953
3159001,SANTANA DO RIACHO,MG,3159001
3159100,SANTANA DOS MONTES,MG,3159100
3159209,SANTA RITA DE CALDAS,MG,3159209
3159357,SANTA RITA DE MINAS,MG,3159357
3159407,SANTA RITA DE IBITIPOCA,MG,3159407
3159605,SANTA RITA DO SAPUCAI,MG,3159605
3159704,SANTA ROSA DA SERRA,MG,3159704
3159803,SANTA VITORIA,MG,3159803
3159902,SANTO ANTONIO DO AMPARO,MG,3159902
3160207,SANTO ANTONIO DO ITAMBE,MG,3160207
3160306,SANTO ANTONIO DO JACINTO,MG,3160306
3160405,SANTO ANTONIO DO MONTE,MG,3160405
3160454,BREJO GRANDE,MG,3160454
3160454,SANTO ANTONIO DO RETIRO,MG,3160454
3160702,SANTOS DUMONT,MG,3160702
3160801,SAO BENTO ABADE,MG,3160801
3160900,SAO BRAS DO SUACUI,MG,3160900
3160959,SAO DOMINGOS DAS DORES,MG,3160959
3161007,SAO DOMINGOS DO PRATA,MG,3161007
3161106,SAO FRANCISCO,MG,3161106
3161205,SAO FRANCISCO DE PAULA,MG,3161205
3161304,SAO FRANCISCO DE SALES,MG,3161304
3161502,SAO GERALDO,MG,3161502
3161650,SAO GERALDO DO BAIXIO,MG,3161650
3161700,SAO GONCALO DO ABAETE,MG,3161700
3161809,SAO GONCALO DO PARA,MG,3161809
3161908,SAO GONCALO DO RIO ABAIXO,MG,3161908
3162005,SAO GONCALO DO SAPUCAI,MG,3162005
3162104,SAO GOTARDO,MG,3162104
3162203,SAO JOAO BATISTA DO GLORIA,MG,3162203
3162252,SAO JOAO DA LAGOA,MG,3162252
3162401,SAO JOAO DA PONTE,MG,3162401
3162450,MISSOES,MG,3162450
3162450,SAO JOAO DAS MISSOES,MG,3162450
3162500,SAO JOAO DEL REI,MG,3162500
3162559,SAO JOAO DO MANHUACU,MG,3162559
3162575,SAO JOAO DO MANTENINHA,MG,3162575
3162609,SAO JOAO DO ORIENTE,MG,3162609
3162658,SAO JOAO DO PACUI,MG,3162658
3162708,SAO JOAO DO PARAISO,MG,3162708
3162807,SAO JOAO EVANGELISTA,MG,3162807
3162906,SAO JOAO NEPOMUCENO,MG,3162906
3162922,SAO JOAQUIM DE BICAS,MG,3162922
3162948,SAO JOSE DA BARRA,MG,3162948
3162955,SAO JOSE DA LAPA,MG,3162955
3163003,SAO JOSE DA SAFIRA,MG,3163003
3163102,SAO JOSE DA VARGINHA,MG,3163102
3163201,SAO JOSE DO ALEGRE,MG,3163201
3163508,SAO JOSE DO JACURI,MG,3163508
3163607,SAO JOSE DO MANTIMENTO,MG,3163607
3163706,SAO LOURENCO,MG,3163706
3163904,SAO PEDRO DA UNIAO,MG,3163904
3164001,SAO PEDRO DOS FERROS,MG,3164001
3164100,SAO PEDRO DO SUACUI,MG,3164100
3164209,SAO ROMAO,MG,3164209
3164308,CASCA DANTA,MG,3164308
3164308,SAO ROQUE DE MINAS,MG,3164308
3164431,SAO SEBASTIAO DA VARGEM ALEGRE,MG,3164431
3164605,SAO SEBASTIAO DO OESTE,MG,3164605
3164704,SAO SEBASTIAO DO PARAISO,MG,3164704
3164902,SAO SEBASTIAO DO RIO VERDE,MG,3164902
3165008,SAO TIAGO,MG,3165008
3165107,SAO TOMAS DE AQUINO,MG,3165107
3165206,SAO TOME DAS LETRAS,MG,3165206
3165537,SARZEDO,MG,3165537
3165552,SETUBINHA,MG,3165552
3165701,SENADOR FIRMINO,MG,3165701
3165800,SENADOR JOSE BENTO,MG,3165800
3166006,SENHORA DE OLIVEIRA,MG,3166006
3166204,SENHORA DOS REMEDIOS,MG,3166204
3166600,SERRA DA SAUDADE,MG,3166600
3166709,SERRA DOS AIMORES,MG,3166709
3166808,SERRA DO SALITRE,MG,3166808
3166808,CATIARA,MG,3166808
3166907,SERRANIA,MG,3166907
3166956,SERRANOPOLIS DE MINAS,MG,3166956
3167103,SERRO,MG,3167103
3167202,SETE LAGOAS,MG,3167202
3167301,SILVEIRANIA,MG,3167301
3167400,SILVIANOPOLIS,MG,3167400
3167707,SOBRALIA,MG,3167707
3167806,SOLEDADE DE MINAS,MG,3167806
3168002,TAIOBEIRAS,MG,3168002
3168101,TAPIRA,MG,3168101
3168200,TAPIRAI,MG,3168200
3168408,TARUMIRIM,MG,3168408
3168507,TEIXEIRAS,MG,3168507
3168606,TEOFILO OTONI,MG,3168606
3168705,TIMOTEO,MG,3168705
3168804,TIRADENTES,MG,3168804
3168903,TIROS,MG,3168903
3169000,TOCANTINS,MG,3169000
3169059,TOCOS DO MOJI,MG,3169059
3169109,TOLEDO,MG,3169109
3169208,TOMBOS,MG,3169208
3169307,TRES CORACOES,MG,3169307
3169356,TRES MARIAS,MG,3169356
3169406,TRES PONTAS,MG,3169406
3169604,TUPACIGUARA,MG,3169604
3169703,TURMALINA,MG,3169703
3169901,UBA,MG,3169901
3170008,UBAI,MG,3170008
3170008,UBAI.MG,MG,3170008
3170057,UBAPORANGA,MG,3170057
3170107,UBERABA,MG,3170107
3170206,UBERLANDIA,MG,3170206
3170404,UNAI,MG,3170404
3170438,UNIAO DE MINAS,MG,3170438
3170503,URUCANIA,MG,3170503
3170529,URUCUIA,MG,3170529
3170701,VARGINHA,MG,3170701
3170750,VARJAO DE MINAS,MG,3170750
3170800,GAUICUI,MG,3170800
3170800,VARZEA DA PALMA,MG,3170800
3170909,VARZELANDIA,MG,3170909
3171006,VAZANTE,MG,3171006
3171105,VERISSIMO,MG,3171105
3171204,VESPASIANO,MG,3171204
3171303,VICOSA,MG,3171303
3171402,VIEIRAS,MG,3171402
3171501,MATHIAS LOBATO,MG,3171501
3171600,VIRGEM DA LAPA,MG,3171600
3171709,VIRGINIA,MG,3171709
3171808,VIRGINOPOLIS,MG,3171808
3171907,VIRGOLANDIA,MG,3171907
3172004,VISCONDE DO RIO BRANCO,MG,3172004
3172103,VOLTA GRANDE,MG,3172103
3172202,WENCESLAU BRAZ,MG,3172202
3200102,AFONSO CLAUDIO,ES,3200102
3200136,AGUIA BRANCA,ES,3200136
3200201,ALEGRE,ES,3200201
3200300,ALFREDO CHAVES,ES,3200300
3200409,ANCHIETA,ES,3200409
3200607,ARACRUZ,ES,3200607
3200805,BAIXO GUANDU,ES,3200805
3200904,BARRA DE SAO FRANCISCO,ES,3200904
3201001,BOA ESPERANCA,ES,3201001
3201100,BOM JESUS DO NORTE,ES,3201100
3201159,BREJETUBA,ES,3201159
3201209,CACHOEIRO DE ITAPEMIRIM,ES,3201209
3201308,CARIACICA,ES,3201308
3201407,CASTELO,ES,3201407
3201506,COLATINA,ES,3201506
3201605,CONCEICAO DA BARRA,ES,3201605
3201704,CONCEICAO DO CASTELO,ES,3201704
3201902,DOMINGOS MARTINS,ES,3201902
3202009,DORES DO RIO PRETO,ES,3202009
3202108,ECOPORANGA,ES,3202108
3202207,FUNDAO,ES,3202207
3202306,GUACUI,ES,3202306
3202405,GUARAPARI,ES,3202405
3202454,IBATIBA,ES,3202454
3202504,IBIRACU,ES,3202504
3202553,IBITIRAMA,ES,3202553
3202603,ICONHA,ES,3202603
3202702,ITAGUACU,ES,3202702
3202801,ITAPEMIRIM,ES,3202801
3203007,IUNA,ES,3203007
3203056,JAGUARE,ES,3203056
3203106,JERONIMO MONTEIRO,ES,3203106
3203130,JOAO NEIVA,ES,3203130
3203205,LINHARES,ES,3203205
3203304,MANTENOPOLIS,ES,3203304
3203320,MARATAIZES,ES,3203320
3203346,MARECHAL FLORIANO,ES,3203346
3203403,MIMOSO DO SUL,ES,3203403
3203502,MONTANHA,ES,3203502
3203601,MUCURICI,ES,3203601
3203700,MUNIZ FREIRE,ES,3203700
3203809,MUQUI,ES,3203809
3203908,NOVA VENECIA,ES,3203908
3204005,PANCAS,ES,3204005
3204054,PEDRO CANARIO,ES,3204054
3204104,PINHEIROS,ES,3204104
3204203,PIUMA,ES,3204203
3204351,RIO BANANAL,ES,3204351
3204401,RIO NOVO DO SUL,ES,3204401
3204559,SANTA MARIA DE JETIBA,ES,3204559
3204609,SANTA TEREZA,ES,3204609
3204609,Santa Teresa,ES,3204609
3204658,SAO DOMINGOS DO NORTE,ES,3204658
3204708,SAO GABRIEL DA PALHA,ES,3204708
3204807,SAO JOSE DO CALCADO,ES,3204807
3204906,SAO MATEUS,ES,3204906
3205002,DISTRITO CARAPINA,ES,3205002
3205002,SERRA,ES,3205002
3205010,SOORETAMA,ES,3205010
3205036,VARGEM ALTA,ES,3205036
3205069,VENDA NOVA DO IMIGRANTE,ES,3205069
3205101,SERRA VIANA,ES,3205101
3205176,VILA VALERIO,ES,3205176
3205200,VILA VELHA,ES,3205200
3205309,VITORIA,ES,3205309
3300100,ANGRA DOS REIS,RJ,3300100
3300209,ARARUAMA,RJ,3300209
3300308,BARRA DO PIRAI,RJ,3300308
3300407,BARRA MANSA,RJ,3300407
3300456,BELFORD ROXO,RJ,3300456
3300506,BOM JARDIM,RJ,3300506
3300605,BOM JESUS DO ITABAPOANA,RJ,3300605
3300704,CABO FRIO,RJ,3300704
3300803,CACHOEIRAS DE MACACU,RJ,3300803
3300902,CAMBUCI,RJ,3300902
3301009,CAMPOS,RJ,3301009
3301009,CAMPOS DOS GOYTACAZES,RJ,3301009
3301157,CARDOSO MOREIRA,RJ,3301157
3301207,CARMO,RJ,3301207
3301504,CORDEIRO,RJ,3301504
3301702,DUQUE DE CAXIAS,RJ,3301702
3301702,DUQUE DE CAXIAS,SP,3301702
3301900,ITABORAI,RJ,3301900
3302007,ITAGUAI,RJ,3302007
3302056,ITALVA,RJ,3302056
3302106,ITAOCARA,RJ,3302106
3302205,ITAPERUNA,RJ,3302205
3302270,JAPERI,RJ,3302270
3302304,LAJE DO MURIAE,RJ,3302304
3302403,MACAE,RJ,3302403
3302502,MAGE,RJ,3302502
3302601,MANGARATIBA,RJ,3302601
3302700,MARICA,RJ,3302700
3303005,MIRACEMA,RJ,3303005
3303104,NATIVIDADE,RJ,3303104
3303203,NILOPOLIS,RJ,3303203
3303302,NETEROI,RJ,3303302
3303302,NITEROI,RJ,3303302
3303401,NOVA FRIBURGO,RJ,3303401
3303500,NOVA IGUACU,RJ,3303500
3303609,PARACAMBI,RJ,3303609
3303708,PARAIBA DO SUL,RJ,3303708
3303906,PETROPOLIS,RJ,3303906
3304102,PORCIUNCULA,RJ,3304102
3304151,QUISSAMA,RJ,3304151
3304201,RESENDE,RJ,3304201
3304300,RIO BONITO,RJ,3304300
3304409,RIO CLARO,RJ,3304409
3304524,RIO DAS OSTRAS,RJ,3304524
3304557,RIO DE JANEIRO,RJ,3304557
3304557,RIO JANEIRO,RJ,3304557
3304557,SAO CRISTOVAO,RJ,3304557
3304706,SANTO ANTONIO DE PADUA,RJ,3304706
3304755,SAO FRANCISCO DE ITABAPOANA,RJ,3304755
3304805,SAO FIDELIS,RJ,3304805
3304904,SAO GONCALO,RJ,3304904
3305000,SAO JOAO DA BARRA,RJ,3305000
3305109,SAO JOAO DO MERITI,RJ,3305109
3305109,SAO JOAO DE MERITI,RJ,3305109
3305158,SAO JOSE DO VALE DO RIO PRETO,RJ,3305158
3305208,SAO PEDRO DA ALDEIA,RJ,3305208
3305406,SAPUCAIA,RJ,3305406
3305505,BACAXA,RJ,3305505
3305505,SAQUAREMA,RJ,3305505
3305554,SEROPEDICA,RJ,3305554
3305802,TERESOPOLIS,RJ,3305802
3306008,TRES RIOS,RJ,3306008
3306107,VALENCA,RJ,3306107
3306305,VOLTA REDONDA,RJ,3306305
3306305,VOLTA RENDONDA,RJ,3306305
3500105,ADAMANTINA,SP,3500105
3500303,AGUAI,SP,3500303
3500402,AGUAS DA PRATA,SP,3500402
3500501,AGUAS DE LINDOIA,SP,3500501
3500550,AGUAS DE SANTA BARBARA,SP,3500550
3500600,AGUAS DE SAO PEDRO,SP,3500600
3500709,AGUDOS,SP,3500709
3500808,ALFREDO MARCONDES,SP,3500808
3500907,ALTAIR,SP,3500907
3501004,ALTINOPOLIS,SP,3501004
3501202,ALVARES FLORENCE,SP,3501202
3501301,ALVARES MACHADO,SP,3501301
3501608,AMERICANA,SP,3501608
3501707,AMERICO BRASILIENSE,SP,3501707
3501806,AMERICO DE CAMPOS,SP,3501806
3501905,AMPARO,SP,3501905
3502002,ANALANDIA,SP,3502002
3502101,ANDRADINA,SP,3502101
3502200,ANGATUBA,SP,3502200
3502309,ANHEMBI,SP,3502309
3502408,ANHUMAS,SP,3502408
3502507,APARECIDA,SP,3502507
3502606,APARECIDA D OESTE,SP,3502606
3502705,APIAI,SP,3502705
3502804,ARACATUBA,SP,3502804
3503000,ARAMINA,SP,3503000
3503109,ARANDU,SP,3503109
3503208,ARARAQUARA,SP,3503208
3503307,ARARAS,SP,3503307
3503406,AREALVA,SP,3503406
3503505,AREIAS,SP,3503505
3503604,AREIOPOLIS,SP,3503604
3503703,ARIRANHA,SP,3503703
3503802,ARTUR NOGUEIRA,SP,3503802
3503901,ARUJA,SP,3503901
3504008,ASSIS,SP,3504008
3504107,ATIBAIA,SP,3504107
3504206,AURIFLAMA,SP,3504206
3504305,AVAI,SP,3504305
3504404,AVANHANDAVA,SP,3504404
3504503,AVARE,SP,3504503
3504909,BANANAL,SP,3504909
3505203,BARIRI,SP,3505203
3505302,BARRA BONITA,SP,3505302
3505401,BARRA DO TURVO,SP,3505401
3505500,BARRETOS,SP,3505500
3505609,BARRINHA,SP,3505609
3505708,BARUERI,SP,3505708
3505807,BASTOS,SP,3505807
3505906,BATATAIS,SP,3505906
3506003,BAURU,SP,3506003
3506102,BEBEDOURO,SP,3506102
3506201,BENTO DE ABREU,SP,3506201
3506300,BERNARDINO DE CAMPOS,SP,3506300
3506359,BERTIOGA,SP,3506359
3506409,BILAC,SP,3506409
3506508,BIRIGUI,SP,3506508
3506607,BIRITIBA MIRM,SP,3506607
3506706,BOA ESPERANCA DO SUL,SP,3506706
3506904,BOFETE,SP,3506904
3507001,BOITUVA,SP,3507001
3507100,BOM JESUS DOS PERDOES,SP,3507100
3507209,BORA,SP,3507209
3507308,BORACEIA,SP,3507308
3507407,BORBOREMA,SP,3507407
3507506,BOTUCATU,SP,3507506
3507605,BRAGANCA PAULISTA,SP,3507605
3507704,BRAUNA,SP,3507704
3507803,BRODOSQUI,SP,3507803
3507902,BROTAS,SP,3507902
3508009,BURI,SP,3508009
3508108,BURITAMA,SP,3508108
3508207,BURITIZAL,SP,3508207
3508306,CABRALIA PAULISTA,SP,3508306
3508405,CABREUVA,SP,3508405
3508504,CACAPAVA,SP,3508504
3508603,CACHOEIRA PAULISTA,SP,3508603
3508702,CACONDE,SP,3508702
3508801,CAFELANDIA,SP,3508801
3509007,CAIEIRAS,SP,3509007
3509205,CAJAMAR,SP,3509205
3509254,CAJATI,SP,3509254
3509304,CAJOBI,SP,3509304
3509403,CAJURU,SP,3509403
3509502,CAMPINAS,SP,3509502
3509601,CAMPO LIMPO PAULISTA,SP,3509601
3509700,CAMPOS DO JORDAO,SP,3509700
3509908,CANANEIA,SP,3509908
3510005,CANDIDO MOTA,SP,3510005
3510203,CAPAO BONITO,SP,3510203
3510401,CAPIVARI,SP,3510401
3510500,CARAGUATATUBA,SP,3510500
3510609,CARAPICUIBA,SP,3510609
3510708,CARDOSO,SP,3510708
3510807,CASA BRANCA,SP,3510807
3510906,CASSIA DOS COQUEIROS,SP,3510906
3511003,CASTILHO,SP,3511003
3511102,CATANDUVA,SP,3511102
3511201,CATIGUA,SP,3511201
3511300,CEDRAL,SP,3511300
3511409,CERQUEIRA CESAR,SP,3511409
3511508,CERQUILHO,SP,3511508
3511706,CHARQUEADA,SP,3511706
3511904,CLEMENTINA,SP,3511904
3512001,COLINA,SP,3512001
3512100,COLOMBIA,SP,3512100
3512308,CONCHAS,SP,3512308
3512407,CORDEIROPOLIS,SP,3512407
3512605,MACEDO,SP,3512605
3512704,CORUMBATAI,SP,3512704
3512803,COSMOPOLIS,SP,3512803
3512902,COSMORAMA,SP,3512902
3513009,COTIA,SP,3513009
3513108,CRAVINHOS,SP,3513108
3513207,CRISTAIS PAULISTA,SP,3513207
3513306,CRUZALIA,SP,3513306
3513405,CRUZEIRO,DF,3513405
3513405,CRUZEIRO,SP,3513405
3513504,CUBATAO,SP,3513504
3513702,DESCALVADO,SP,3513702
3513801,DIADEMA,SP,3513801
3513900,DIVINOLANDIA,SP,3513900
3514106,DOIS CORREGOS,SP,3514106
3514205,DOLCINOPOLIS,SP,3514205
3514304,DOURADO,SP,3514304
3514403,DRACENA,SP,3514403
3514502,DUARTINA,SP,3514502
3514700,ECHAPORA,SP,3514700
3514809,ELDORADO,SP,3514809
3514908,ELIAS FAUSTO,SP,3514908
3514924,ELISIARIO,SP,3514924
3514957,EMBAUBA,SP,3514957
3515004,EMBU,SP,3515004
3515103,EMBU GUACU,SP,3515103
3515152,COELHO,SP,3515152
3515186,ESPIRITO SANTO DO PINHAL,SP,3515186
3515202,ESTRELA D OESTE,SP,3515202
3515400,FARTURA,SP,3515400
3515509,FERNANDOPOLIS,SP,3515509
3515707,FERRAZ DE VASCONCELOS,SP,3515707
3515905,FLOREAL,SP,3515905
3516002,FLORIDA PAULISTA,SP,3516002
3516101,FLORINEA,SP,3516101
3516200,FRANCA,SP,3516200
3516309,FRANCISCO MORATO,SP,3516309
3516408,FRANCO DA ROCHA,SP,3516408
3516507,GABRIEL MONTEIRO,SP,3516507
3516606,GALIA,SP,3516606
3516705,GARCA,SP,3516705
3516804,GASTAO VIDIGAL,SP,3516804
3516903,SALGADO,SP,3516903
3517000,GETULINA,SP,3517000
3517109,GLICERIO,SP,3517109
3517406,GUAIRA,SP,3517406
3517505,GUAPIACU,SP,3517505
3517604,GUAPIARA,SP,3517604
3517703,GUARA,SP,3517703
3517802,GUARACAI,SP,3517802
3517901,GUARACI,SP,3517901
3518008,GUARANI D OESTE,SP,3518008
3518107,GUARANTA,SP,3518107
3518206,GUARARAPES,PE,3518206
3518206,GUARARAPES,SP,3518206
3518305,GUARAREMA,SP,3518305
3518404,GUARATINGUETA,SP,3518404
3518503,GUAREI,SP,3518503
3518602,GUARIBA,SP,3518602
3518701,GUARUJA,SP,3518701
3518800,GUARULHOS,SP,3518800
3518859,GUATAPARA,SP,3518859
3518909,GUZOLANDIA,SP,3518909
3519006,HERCULANDIA,SP,3519006
3519055,HOLAMBRA,SP,3519055
3519071,HORTOLANDIA,SP,3519071
3519105,IACANGA,SP,3519105
3519204,IACRI,SP,3519204
3519303,IBATE,SP,3519303
3519402,IBIRA,SP,3519402
3519501,IBIRAREMA,SP,3519501
3519600,IBITINGA,SP,3519600
3519709,IBIUNA,SP,3519709
3519808,ICEM,SP,3519808
3519907,IEPE,SP,3519907
3520004,IGARACU DO TIETE,SP,3520004
3520103,IGARAPAVA,SP,3520103
3520301,IGUAPE,SP,3520301
3520400,ILHABELA,SP,3520400
3520442,ILHA SOLTEIRA,SP,3520442
3520509,INDAIATUBA,SP,3520509
3520707,INDIAPORA,SP,3520707
3520905,IPAUCU,SP,3520905
3521101,IPEUNA,SP,3521101
3521309,IPUA,SP,3521309
3521408,IRACEMAPOLIS,SP,3521408
3521507,IRAPUA,SP,3521507
3521606,IRAPURU,SP,3521606
3521705,ITABERA,SP,3521705
3521804,ITAI,SP,3521804
3521903,ITAJOBI,SP,3521903
3522109,ITANHAEM,SP,3522109
3522208,ITAPECERICA DA SERRA,SP,3522208
3522307,ITAPETININGA,SP,3522307
3522406,ITAPEVA,SP,3522406
3522505,ITAPEVI,SP,3522505
3522604,ITAPIRA,SP,3522604
3522703,ITAPOLIS,SP,3522703
3522802,ITAPORANGA,SP,3522802
3522901,ITAPUI,SP,3522901
3523107,ITAQUAQUECETUBA,SP,3523107
3523305,ANA DIAS,SP,3523305
3523305,ITARIRI,SP,3523305
3523404,ITATIBA,SP,3523404
3523503,ITATINGA,SP,3523503
3523602,ITIRAPINA,SP,3523602
3523701,ITIRAPUA,SP,3523701
3523800,ITOBI,SP,3523800
3523909,ITU,SP,3523909
3524006,ITUPEVA,SP,3524006
3524105,ITUVERAVA,SP,3524105
3524204,JABORANDI,SP,3524204
3524303,JABOTICABAL,SP,3524303
3524402,JACAREI,SP,3524402
3524600,JACUPIRANGA,SP,3524600
3524709,JAGUARIUNA,SP,3524709
3524808,JALES,SP,3524808
3524907,JAMBEIRO,SP,3524907
3525003,JANDIRA,SP,3525003
3525102,JARDINOPOLIS,SP,3525102
3525102,JANDINOPOLIS,SP,3525102
3525201,JARINU,SP,3525201
3525300,JAU,SP,3525300
3525409,JERIQUARA,SP,3525409
3525508,JOANOPOLIS,SP,3525508
3525607,JOAO RAMALHO,SP,3525607
3525706,JOSE BONIFACIO,SP,3525706
3525904,JUNDIAI,SP,3525904
3526001,JUNQUEIROPOLIS,SP,3526001
3526100,JUQUIA,SP,3526100
3526209,JUQUITIBA,SP,3526209
3526308,LAGOINHA,SP,3526308
3526407,LARANJAL PAULISTA,SP,3526407
3526506,LAVINIA,SP,3526506
3526704,LEME,SP,3526704
3526803,LENCOIS PAULISTA,SP,3526803
3526902,LIMEIRA,SP,3526902
3527108,LINS,SP,3527108
3527207,LORENA,SP,3527207
3527306,LOUVEIRA,SP,3527306
3527405,LUCELIA,SP,3527405
3527900,LUTECIA,SP,3527900
3528007,MACATUBA,SP,3528007
3528106,MACAUBAL,SP,3528106
3528205,MACEDONIA,SP,3528205
3528304,MAGDA,SP,3528304
3528403,MAIRINQUE,SP,3528403
3528502,MAIRIPORA,SP,3528502
3528601,MANDURI,SP,3528601
3528700,MARABA PAULISTA,SP,3528700
3528809,MARACAI,SP,3528809
3528809,S JOSE DAS LARANJEIRAS,SP,3528809
3528908,MARIAPOLIS,SP,3528908
3529005,MARILIA,SP,3529005
3529104,MARINOPOLIS,SP,3529104
3529203,MARTINOPOLIS,SP,3529203
3529302,MATAO,SP,3529302
3529401,MAUA,SP,3529401
3529609,MERIDIANO,SP,3529609
3529708,MIGUELOPOLIS,SP,3529708
3529807,MINEIROS DO TIETE,SP,3529807
3529906,MIRACATU E DIST OLIV BARROS,SP,3529906
3530003,MIRA ESTRELA,SP,3530003
3530102,MIRANDOPOLIS,SP,3530102
3530201,MIRANTE DO PARANAPANEMA,SP,3530201
3530300,MIRASSOL,SP,3530300
3530508,MOCOCA,SP,3530508
3530607,MOGI DAS CRUZES,SP,3530607
3530706,MOGI GUACU,SP,3530706
3530805,MOGI MIRIM,SP,3530805
3530904,MOMBUCA,SP,3530904
3531100,MONGAGUA,SP,3531100
3531308,MONTE ALTO,SP,3531308
3531407,MONTE APRAZIVEL,SP,3531407
3531506,MONTE AZUL PAULISTA,SP,3531506
3531803,MONTE MOR,SP,3531803
3531902,MORRO AGUDO,SP,3531902
3532009,MORUNGABA,SP,3532009
3532108,MURUTINGA DO SUL,SP,3532108
3532207,NARANDIBA,SP,3532207
3532306,NATIVIDADE DA SERRA,SP,3532306
3532504,NEVES PAULISTA,SP,3532504
3532603,NHANDEARA,SP,3532603
3532702,NIPOA,SP,3532702
3532801,NOVA ALIANCA,SP,3532801
3532900,NOVA EUROPA,SP,3532900
3533007,NOVA GRANADA,SP,3533007
3533403,NOVA ODESSA,SP,3533403
3533502,NOVO HORIZONTE,SP,3533502
3533601,NUPORANGA,SP,3533601
3533809,OLEO,SP,3533809
3533908,OLIMPIA,SP,3533908
3534005,ONDA VERDE,SP,3534005
3534203,ORINDIUVA,SP,3534203
3534302,ORLANDIA,SP,3534302
3534401,OSASCO,SP,3534401
3534609,OSVALDO CRUZ,SP,3534609
3534708,OURINHOS,SP,3534708
3534757,OUROESTE,SP,3534757
3534906,PACAEMBU,SP,3534906
3535002,PALESTINA,SP,3535002
3535101,PALMARES PAULISTA,SP,3535101
3535200,PALMEIRA D OESTE,SP,3535200
3535309,PALMITAL,SP,3535309
3535408,PANORAMA,SP,3535408
3535507,PARAGUACU PAULISTA,SP,3535507
3535606,PARAIBUNA,SP,3535606
3535705,PARAISO,SP,3535705
3535804,PARANAPANEMA,SP,3535804
3535903,PARANAPUA,SP,3535903
3536000,PARAPUA,SP,3536000
3536109,PARDINHO,SP,3536109
3536208,PARIQUERA ACU,SP,3536208
3536208,PARIQUERA-ACU,SP,3536208
3536307,PATROCINIO PAULISTA,SP,3536307
3536406,PAULICEIA,SP,3536406
3536505,PAULINIA,SP,3536505
3536604,PAULO DE FARIA,SP,3536604
3536703,PEDERNEIRAS,SP,3536703
3536901,PEDRANOPOLIS,SP,3536901
3537008,PEDREGULHO,SP,3537008
3537156,PEDRINHAS PAULISTA,SP,3537156
3537206,PEDRO DE TOLEDO,SP,3537206
3537305,PENAPOLIS,SP,3537305
3537404,PEREIRA BARRETO,SP,3537404
3537503,PEREIRAS,SP,3537503
3537602,PERUIBE,SP,3537602
3537800,PIEDADE,SP,3537800
3538006,PINDAMONHAGABA,SP,3538006
3538006,PINDAMONHANGABA,SP,3538006
3538105,PINDORAMA,SP,3538105
3538501,PIQUETE,SP,3538501
3538600,PIRACAIA,SP,3538600
3538709,PIRACICABA,SP,3538709
3538808,PIRAJU,SP,3538808
3538907,PIRAJUI,SP,3538907
3539004,PIRANGI,SP,3539004
3539103,PIRAPORA DO BOM JESUS,SP,3539103
3539202,PIRAPOZINHO,SP,3539202
3539301,PIRASSUNUNGA,SP,3539301
3539400,PIRATININGA,SP,3539400
3539509,PITANGUEIRAS,SP,3539509
3539806,POA,SP,3539806
3539905,POLONI,SP,3539905
3540101,PONGAI,SP,3540101
3540200,PONTAL,SP,3540200
3540309,PONTES GESTAL,SP,3540309
3540408,POPULINA,SP,3540408
3540606,PORTO FELIZ,SP,3540606
3540705,PORTO FERREIRA,SP,3540705
3540804,PORTIRENDABA,SP,3540804
3540804,POTIRENDABA,SP,3540804
3540903,PRADOPOLIS,SP,3540903
3541000,PRAIA GRANDE,SP,3541000
3541000,SOLEMAR,SP,3541000
3541109,PRESIDENTE ALVES,SP,3541109
3541208,PRESIDENTE BERNARDES,SP,3541208
3541307,PRESIDENTE EPITACIO,SP,3541307
3541406,PRESIDENTE PRUDENTE,SP,3541406
3541505,PRESIDENTE VENCESLAU,SP,3541505
3541604,PROMISSO,SP,3541604
3541604,PROMISSAO,SP,3541604
3541703,QUATA,SP,3541703
3541802,QUEIROS,SP,3541802
3541901,QUELUZ,SP,3541901
3542008,QUINTANA,SP,3542008
3542107,RAFARD,SP,3542107
3542206,RANCHARIA,SP,3542206
3542305,REDENCAO DA SERRA,SP,3542305
3542404,REGENTE FEIJO,SP,3542404
3542503,REGINOPOLIS,SP,3542503
3542602,REGISTRO,SP,3542602
3542701,RESTINGA,SP,3542701
3542800,RIBEIRA,SP,3542800
3542909,RIBEIRAO BONITO,SP,3542909
3543105,RIBEIRAO CORRENTE,SP,3543105
3543204,RIBEIRAO DO SUL,SP,3543204
3543303,RIBEIRAO PIRES,SP,3543303
3543402,RIBEIRAO PRETO,SP,3543402
3543402,BONFIM PAULISTA,SP,3543402
3543600,RIFAINA,SP,3543600
3543709,RINCAO,SP,3543709
3543808,RINOPOLIS,SP,3543808
3543907,RIO CLARO,SP,3543907
3544004,RIO DAS PEDRAS,SP,3544004
3544103,RIO GRANDE DA SERRA,SP,3544103
3544202,RIOLANDIA,SP,3544202
3544251,PRIMAVERA,SP,3544251
3544251,ROSANA,SP,3544251
3544301,ROSEIRA,SP,3544301
3544509,RUBINEIA,SP,3544509
3544806,SALES,SP,3544806
3544905,SALES OLIVEIRA,SP,3544905
3545209,SALTO,SP,3545209
3545407,SALTO GRANDE,SP,3545407
3545605,SANTA ADELIA,SP,3545605
3545704,SANTA ALBERTINA,SP,3545704
3545803,SANTA BARBARA D OESTE,SP,3545803
3546009,SANTA BRANCA,SP,3546009
3546108,SANTA CLARA D OESTE,SP,3546108
3546256,SANTA CRUZ DA ESPERANCA,SP,3546256
3546306,SANTA CRUZ DAS PALMEIRAS,SP,3546306
3546405,SANTA CRUZ DO RIO PARDO,SP,3546405
3546603,SANTA FE DO SUL,SP,3546603
3546702,SANTA GERTRUDES,SP,3546702
3546900,SANTA LUCIA,SP,3546900
3547205,SANTANA DA PONTE PENSA,SP,3547205
3547304,SANTANA DO PARNAIBA,SP,3547304
3547403,SANTA RITA D OESTE,SP,3547403
3547502,SANTA RITA DO PASSA QUATRO,SP,3547502
3547502,SANTA RITA PASSA QUATRO,SP,3547502
3547601,SANTA ROSA DE VITERBO,SP,3547601
3547700,SANTO ANASTACIO,SP,3547700
3547809,SANTO ANDRE,SP,3547809
3547809,UTINGA,SP,3547809
3547908,SANTO ANTONIO DA ALEGRIA,SP,3547908
3548104,SANTO ANTONIO DO JARDIM,SP,3548104
3548203,SANTO ANTONIO DO PINHAL,SP,3548203
3548401,SANTOPOLIS DO AGUAPEI,SP,3548401
3548500,SANTOS,SP,3548500
3548609,SAO BENTO DO SAPUCAI,SP,3548609
3548708,PEDRO TAQUES,SP,3548708
3548708,RUDGE RAMOS,SP,3548708
3548708,SAO BERNARDO DO CAMPO,SP,3548708
3548807,SAO CAETANO DO SUL,SP,3548807
3548906,AGUA VERMELHA,SP,3548906
3548906,SANTA EUDOXIA,SP,3548906
3548906,SAO CARLOS,SP,3548906
3549003,SAO FRANCISCO,SP,3549003
3549102,SAO JOAO DA BOA VISTA,SP,3549102
3549201,SAO JOAO DAS DUAS PONTES,SP,3549201
3549409,SAO JOAQUIM DA BARRA,SP,3549409
3549508,SAO JOSE DA BELA VISTA,SP,3549508
3549607,SAO JOSE DO BARREIRO,SP,3549607
3549706,SAO JOSE DO RIO PARDO,SP,3549706
3549805,SAO JOSE DO RIO PRETO,SP,3549805
3549904,SAO JOSE DOS CAMPOS,SP,3549904
3550001,SAO LUIZ DO PARAITINGA,SP,3550001
3550100,SAO MANUEL,SP,3550100
3550209,SAO MIGUEL ARCANJO,SP,3550209
3550308,CASCAVEL,SP,3550308
3550308,GUAIANAZES,SP,3550308
3550308,ITAQUERA,SP,3550308
3550308,N S DA PENHA,SP,3550308
3550308,SAO MIGUEL PAULISTA,SP,3550308
3550308,SAO PAULO,SP,3550308
3550308,SAOPAULO,SP,3550308
3550308,SOBRAL,SP,3550308
3550407,SAO PEDRO,SP,3550407
3550506,SAO PEDRO DO TURVO,SP,3550506
3550605,SAO ROQUE,SP,3550605
3550605,SAO ROQUE DA FARTURA,SP,3550605
3550704,SAO SEBASTIAO,SP,3550704
3550803,SAO SEBASTIAO DA GRAMA,SP,3550803
3550902,SAO SIMAO,SP,3550902
3551009,SAO VICENTE,SP,3551009
3551108,SARAPUI,SP,3551108
3551207,SARUTAIA,SP,3551207
3551405,SERRA AZUL,SP,3551405
3551504,SERRANA,SP,3551504
3551603,SERRA NEGRA,SP,3551603
3551702,SERTAOZINHO,SP,3551702
3551801,SETE BARRAS,SP,3551801
3551900,SEVERINIA,SP,3551900
3552007,SILVEIRAS,SP,3552007
3552106,SOCORRO,SP,3552106
3552205,SOROCABA,SP,3552205
3552304,SUD MENUCCI,SP,3552304
3552304,SUD MENNUCCI,SP,3552304
3552403,SUMARE,SP,3552403
3552502,SUZANO,SP,3552502
3552601,TABAPUA,SP,3552601
3552700,TABATINGA,SP,3552700
3552809,TABOAO DA SERRA,SP,3552809
3553005,TAGUAI,SP,3553005
3553104,TAIACU,SP,3553104
3553203,TAIUVA,SP,3553203
3553302,TAMBAU,SP,3553302
3553401,TANABI,SP,3553401
3553500,TAPIRAI,SP,3553500
3553609,TAPIRATIBA,SP,3553609
3553708,TAQUARITINGA,SP,3553708
3553807,TAQUARITUBA,SP,3553807
3554003,TATUI,SP,3554003
3554102,TAUBATE,SP,3554102
3554201,TEJUBA,SP,3554201
3554300,TEODORO SAMPAIO,SP,3554300
3554409,TERRA ROXA,SP,3554409
3554508,TIETE,SP,3554508
3554607,TIMBURI,SP,3554607
3554706,TORRINHA,SP,3554706
3554805,TREMEMBE,SP,3554805
3554904,TRES FRONTEIRAS,SP,3554904
3555000,TUPA,SP,3555000
3555109,TUPI PAULISTA,SP,3555109
3555208,TURIUBA,SP,3555208
3555307,TURMALINA,SP,3555307
3555406,UBATUBA,SP,3555406
3555505,UBIRAJARA,SP,3555505
3555604,UCHOA,SP,3555604
3555802,URANIA,SP,3555802
3556008,URUPES,SP,3556008
3556107,VALENTIM GENTIL,SP,3556107
3556206,VALINHOS,SP,3556206
3556305,VALPARAISO,SP,3556305
3556354,VARGEM,SP,3556354
3556404,VARGEM GRANDE DO SUL,SP,3556404
3556503,VARZEA PAULISTA,SP,3556503
3556701,VINHEDO,SP,3556701
3556800,VIRADOURO,SP,3556800
3557006,VOTORANTIM,SP,3557006
3557105,VOTUPORANGA,SP,3557105
3557204,CHAVANTES,SP,3557204
3557303,ESTIVA GERBI,SP,3557303
4100103,ABATIA,PR,4100103
4100509,ALTONIA,PR,4100509
4100707,ALTO PIQUIRI,PR,4100707
4100806,ALVORADA DO SUL,PR,4100806
4101101,ANDIRA,PR,4101101
4101200,ANTONINA,PR,4101200
4101408,APUCARANA,PR,4101408
4101408,PIRAPO,PR,4101408
4101507,ARAPONGAS,PR,4101507
4101606,ARAPOTI,PR,4101606
4101804,ARAUCARIA,PR,4101804
4101903,ASSAI,PR,4101903
4102000,ASSIS CHATEAUBRIAND,PR,4102000
4102109,ASTORGA,PR,4102109
4102406,BANDEIRANTES,PR,4102406
4102703,BARRA DO JACARE,PR,4102703
4102802,BELA VISTA DO PARAISO,PR,4102802
4102901,BITURUNA,PR,4102901
4103008,BOA ESPERANCA,PR,4103008
4103206,BOM SUCESSO,PR,4103206
4103404,CAFEARA,PR,4103404
4103503,CALIFORNIA,PR,4103503
4103602,CAMBARA,PR,4103602
4103701,CAMBE,PR,4103701
4103909,CAMPINA DA LAGOA,PR,4103909
4104204,CAMPO LARGO,PR,4104204
4104303,CAMPO MOURAO,PR,4104303
4104402,CANDIDO DE ABREU,PR,4104402
4104451,CANTAGALO,PR,4104451
4104709,CARLOPOLIS,PR,4104709
4104808,CASCAVEL,PR,4104808
4104907,CASTRO,PR,4104907
4105102,CENTENARIO DO SUL,PR,4105102
4105300,CEU AZUL,PR,4105300
4105508,CIANORTE,PR,4105508
4105706,CLEVELANDIA,PR,4105706
4105805,COLOMBO,PR,4105805
4105904,COLORADO,PR,4105904
4106001,CONGOINHAS,PR,4106001
4106209,CONTENDA,PR,4106209
4106407,CORNELIO PROCOPIO,PR,4106407
4106605,CRUZEIRO DO OESTE,PR,4106605
4106704,CRUZEIRO DO SUL,PR,4106704
4106803,CRUZ MACHADO,PR,4106803
4106902,CURITIBA,PR,4106902
4107108,DIAMANTE DO NORTE,PR,4107108
4107157,DIAMANTE DO OESTE,PR,4107157
4107256,DOURADINA,PR,4107256
4107306,CAMARGO,PR,4107306
4107504,ENGENHEIRO BELTRAO,PR,4107504
4107801,FLORAI,PR,4107801
4107900,FLORESTA,PR,4107900
4108007,FLORESTOPOLIS,PR,4108007
4108205,FORMOSA DO OESTE,PR,4108205
4108304,FOZ DO IGUACU,PR,4108304
4108320,FRANCISCO ALVES,PR,4108320
4108403,FRANCISCO BELTRAO,PR,4108403
4108601,GOIO ERE,PR,4108601
4108601,GOIOERE,PR,4108601
4108809,GUAIRA,PR,4108809
4109005,GUAPIRAMA,PR,4109005
4109203,GUARACI,PR,4109203
4109401,GUARAPUAVA,PR,4109401
4109609,GUARATUBA,PR,4109609
4109708,IBAITI,PR,4109708
4109807,IBIPORA,PR,4109807
4110003,IGUARACU,PR,4110003
4110102,IMBITUVA,PR,4110102
4110201,INACIO MARTINS,PR,4110201
4110508,IPIRANGA,PR,4110508
4110607,IPORA,SC,4110607
4110706,IRATI,PR,4110706
4110805,IRETAMA,PR,4110805
4110953,ITAIPULANDIA,PR,4110953
4111100,ITAMBE,PR,4111100
4111407,IVAI,PR,4111407
4111506,IVAIPORA,PR,4111506
4111605,IVATUBA,PR,4111605
4111803,JACAREZINHO,PR,4111803
4111902,JAGUAPITA,PR,4111902
4112009,JAGUARIAIVA,PR,4112009
4112108,JANDAIA DO SUL,PR,4112108
4112207,JANIOPOLIS,PR,4112207
4112751,JESUITAS,PR,4112751
4112801,JOAQUIM TAVORA,PR,4112801
4112900,JUNDIAI DO SUL,PR,4112900
4112959,JURANDA,PR,4112959
4113106,KALORE,PR,4113106
4113304,LARANJEIRAS DO SUL,PR,4113304
4113403,LEOPOLIS,RS,4113403
4113502,LOANDA,PR,4113502
4113601,LOBATO,PR,4113601
4113700,LONDRINA,PR,4113700
4114104,MANDAGUACU,PR,4114104
4114203,MANDAGUARI,PR,4114203
4114500,MANOEL RIBAS,PR,4114500
4114609,MARECHAL CANDIDO RONDON,PR,4114609
4114807,MARIALVA,PR,4114807
4114906,MARILANDIA DO SUL,PR,4114906
4115002,MARILENA,PR,4115002
4115101,MARILUZ,PR,4115101
4115200,MARINGA,PR,4115200
4115200,FLORIANO,PI,4115200
4115507,MARUMBI,PR,4115507
4115606,MATELANDIA,PR,4115606
4115705,MATINHOS,PR,4115705
4115804,MEDIANEIRA,PR,4115804
4116059,MISSAL,PR,4116059
4116109,MOREIRA SALES,PR,4116109
4116208,MORRETES,PR,4116208
4116604,NOVA AMERICA DA COLINA,PR,4116604
4116703,NOVA AURORA,PR,4116703
4116901,NOVA ESPERANCA,PR,4116901
4117008,NOVA FATIMA,PR,4117008
4117107,NOVA LONDRINA,PR,4117107
4117222,NOVA SANTA ROSA,PR,4117222
4117404,OURIZONA,PR,4117404
4117503,PAICANDU,PR,4117503
4117602,PALMAS,PR,4117602
4117701,PALMEIRA,PR,4117701
4117800,PALMITAL,PR,4117800
4117909,PALOTINA,PR,4117909
4118006,PARAISO DO NORTE,PE,4118006
4118105,PARANACITY,PR,4118105
4118204,PARANAGUA,PR,4118204
4118402,PARANAVAI,PR,4118402
4118501,PATO BRANCO,PR,4118501
4118808,PEABIRU,PR,4118808
4119152,PINHAIS,PR,4119152
4119301,PINHAO,PR,4119301
4119400,PIRAI DO SUL,PR,4119400
4119608,PITANGA,PR,4119608
4119905,PONTA GROSSA,PR,4119905
4119954,PONTAL DO PARANA,PR,4119954
4120002,PORECATU,PR,4120002
4120408,CASTELO BRANCO,PR,4120408
4120606,PRUDENTOPOLIS,PR,4120606
4120705,QUATIGUA,PR,4120705
4120804,QUATRO BARRAS,PR,4120804
4120903,QUEDAS DO IGUACU,PR,4120903
4121307,RANCHO ALEGRE,PR,4121307
4121406,REALEZA,PR,4121406
4121802,RIBEIRAO CLARO,PR,4121802
4121901,RIBEIRAO DO PINHAL,PR,4121901
4122107,RIO BOM,PR,4122107
4122206,RIO BRANCO DO SUL,PR,4122206
4122305,RIO NEGRO,PR,4122305
4122404,ROLANDIA,PR,4122404
4122503,RONCADOR,PR,4122503
4123006,SALTO DO LONTRA,PR,4123006
4123105,SANTA AMELIA,PR,4123105
4123204,SANTA CECILIA DO PAVAO,PR,4123204
4123501,SANTA HELENA,PR,4123501
4123709,SANTA ISABEL DO IVAI,PR,4123709
4123907,SANTA MARIANA,PR,4123907
4124053,SANTA TEREZINHA DO ITAIPU,PR,4124053
4124301,SANTO ANTONIO DO PARAISO,PR,4124301
4124509,SANTO INACIO,PR,4124509
4124707,SAO JERONIMO DA SERRA,PR,4124707
4125100,SAO JOAO DO TRIUNFO,PR,4125100
4125308,SAO JORGE DO IVAI,PR,4125308
4125506,SAO JOSE DOS PINHAIS,PR,4125506
4125605,SAO MATEUS DO SUL,PR,4125605
4125704,SAO MIGUEL DO IGUACU,PR,4125704
4125803,SAO PEDRO DO IVAI,PR,4125803
4126009,SAO SEBASTIAO DA AMOREIRA,PR,4126009
4126256,SARANDI,PR,4126256
4126405,SERTANEJA,PR,4126405
4126900,TAPIRA,PR,4126900
4127007,TEIXEIRA SOARES,PR,4127007
4127106,TELEMACO BORBA,PR,4127106
4127205,TERRA BOA,PR,4127205
4127304,TERRA RICA,PR,4127304
4127403,SANTA RITA DO OESTE,PR,4127403
4127403,TERRA ROXA,PR,4127403
4127502,TIBAGI,PR,4127502
4127700,TOLEDO,PR,4127700
4127957,TUPASSI,PR,4127957
4127965,TURVO,PR,4127965
4128005,UBIRATA,PR,4128005
4128104,UMUARAMA,PR,4128104
4128104,UMURARA,PR,4128104
4128203,UNIAO DA VITORIA,SC,4128203
4128203,UNIAO DA VITORIA,PR,4128203
4128401,URAI,PR,4128401
4128559,VERA CRUZ DO OESTE,PR,4128559
4200101,ABELARDO LUZ,SC,4200101
4200200,AGROLANDIA,SC,4200200
4200408,AGUA DOCE,SC,4200408
4200507,AGUAS DE CHAPECO,SC,4200507
4200606,AGUAS MORNAS,SC,4200606
4200705,ALFREDO WAGNER,SC,4200705
4200804,ANCHIETA,SC,4200804
4200903,ANGELINA,SC,4200903
4201000,ANITA GARIBALDI,SC,4201000
4201109,ANITAPOLIS,SC,4201109
4201208,ANTONIO CARLOS,SC,4201208
4201257,APIUNA,SC,4201257
4201273,ARABUTA,SC,4201273
4201307,ARAQUARI,SC,4201307
4201406,ARARANGUA,SC,4201406
4201505,ARMAZEM,SC,4201505
4201604,ARROIO TRINTA,SC,4201604
4201703,ASCURRA,SC,4201703
4201802,ATALANTA,SC,4201802
4202008,BALNEARIO CAMBORIU,SC,4202008
4202107,BARRA VELHA,SC,4202107
4202305,BIGUACU,SC,4202305
4202404,BLUMENAU,SC,4202404
4202438,BOCAINA DO SUL,SC,4202438
4202602,BOM RETIRO,SC,4202602
4202800,BRACO DO NORTE,SC,4202800
4202909,BRUSQUE,SC,4202909
4203006,CACADOR,SC,4203006
4203105,CAIBI,SC,4203105
4203204,CAMBORIU,SC,4203204
4203303,CAMPO ALEGRE,SC,4203303
4203402,CAMPO BELO DO SUL,SC,4203402
4203501,CAMPO ERE,SC,4203501
4203600,CAMPOS NOVOS,SC,4203600
4203709,CANELINHA,SC,4203709
4203808,CANOINHAS,SC,4203808
4203907,CAPINZAL,SC,4203907
4204004,CATANDUVAS,SC,4204004
4204103,CAXAMBU DO SUL,SC,4204103
4204152,CELSO RAMOS,SC,4204152
4204202,CHAPECO,SC,4204202
4204301,CONCORDIA,SC,4204301
4204400,FREITAS,SC,4204400
4204509,CORUPA,SC,4204509
4204558,CORREIA PINTO,SC,4204558
4204608,CRICIUMA,SC,4204608
4204707,CUNHA PORA,SC,4204707
4204806,CURITIBANOS,SC,4204806
4204905,DESCANSO,SC,4204905
4205001,DIONISIO CERQUEIRA,SC,4205001
4205209,ERVAL VELHO,SC,4205209
4205308,FACHINAL DOS GUEDES,SC,4205308
4205407,FLORIANOPOLIS,SC,4205407
4205506,FRAIBURGO,SC,4205506
4205605,GALVAO,SC,4205605
4205704,GAROPABA,SC,4205704
4205803,GARUVA,SC,4205803
4205902,GASPAR,SC,4205902
4206009,GOVERNADOR CELSO RAMOS,SC,4206009
4206108,GRAO PARA,SC,4206108
4206405,GUARACIABA,SC,4206405
4206504,GUARAMIRIM,SC,4206504
4206603,GUARUJA DO SUL,SC,4206603
4206801,IBICARE,SC,4206801
4207007,ICARA,SC,4207007
4207205,IMARUI,SC,4207205
4207304,IMBITUBA,SC,4207304
4207502,INDAIAL,SC,4207502
4207601,IPIRA,SC,4207601
4207700,IPUMIRIM,SC,4207700
4207809,IRANI,SC,4207809
4207908,IRINEOPOLIS,SC,4207908
4208005,ITA,SC,4208005
4208203,ITAJAI,SC,4208203
4208302,ITAPEMA,SC,4208302
4208401,ITAPIRANGA,SC,4208401
4208609,JABORA,SC,4208609
4208708,JACINTO MACHADO,SC,4208708
4208807,JAGUARUNA,SC,4208807
4208906,JARAGUA DO SUL,SC,4208906
4209003,JOACABA,SC,4209003
4209102,JOINVILLE,SC,4209102
4209201,LACERDOPOLIS,SC,4209201
4209300,LAJES,SC,4209300
4209409,LAGUNA,SC,4209409
4209508,LAURENTINO,SC,4209508
4209607,LAURO MULLER,SC,4209607
4209706,LEBON REGIS,SC,4209706
4209805,LEOBERTO LEAL,SC,4209805
4209904,LONTRAS,SC,4209904
4210035,LUZERNA,SC,4210035
4210209,GERCINO,SC,4210209
4210308,VIEIRA,SC,4210308
4210407,MARACAJA,SC,4210407
4210506,MARAVILHA,SC,4210506
4210704,MATOS COSTA,SC,4210704
4210803,MELEIRO,SC,4210803
4210902,MODELO,SC,4210902
4211009,MONDAI,SC,4211009
4211108,MONTE CASTELO,SC,4211108
4211207,MORRO DA FUMACA,SC,4211207
4211306,NAVEGANTES,SC,4211306
4211405,NOVA ERECHIM,SC,4211405
4211504,NOVA TRENTO,SC,4211504
4211603,NOVA VENEZA,SC,4211603
4211702,ORLEANS,SC,4211702
4211751,OTACILIO COSTA,SC,4211751
4211801,OURO,SC,4211801
4211900,PALHOCA,SC,4211900
4212007,PALMA SOLA,SC,4212007
4212106,PALMITOS,SC,4212106
4212205,PAPANDUVA,SC,4212205
4212239,PARAISO,SC,4212239
4212304,PAULO LOPES,SC,4212304
4212403,PEDRAS GRANDES,SC,4212403
4212601,PERITIBA,SC,4212601
4212809,PICARRAS,SC,4212809
4212908,PINHALZINHO,SC,4212908
4213005,PINHEIRO PRETO,SC,4213005
4213104,PIRATUBA,SC,4213104
4213203,POMERODE,SC,4213203
4213302,PONTE ALTA,SC,4213302
4213401,PONTE SERRADA,SC,4213401
4213500,PORTO BELO,SC,4213500
4213609,PORTO UNIAO,SC,4213609
4213708,POUSO REDONDO,SC,4213708
4213807,PRAIA GRANDE,SC,4213807
4213906,PRESIDENTE CASTELO BRANCO,SC,4213906
4214003,PRESIDENTE GETULIO,SC,4214003
4214201,QUILOMBO,SC,4214201
4214300,RANCHO QUEIMADO,SC,4214300
4214409,RIO DAS ANTAS,SC,4214409
4214508,RIO DO CAMPO,SC,4214508
4214607,RIO DO OESTE,SC,4214607
4214706,RIO DOS CEDROS,SC,4214706
4214805,RIO DO SUL,SC,4214805
4214904,RIO FORTUNA,SC,4214904
4215109,RODEIO,SC,4215109
4215208,ROMELANDIA,SC,4215208
4215307,SALETE,SC,4215307
4215406,SALTO VELOSO,SC,4215406
4215505,SANTA CECILIA,SC,4215505
4215703,SANTO AMARO DA IMPERATRIZ,SC,4215703
4215802,SAO BENTO DO SUL,SC,4215802
4215901,SAO BONIFACIO,SC,4215901
4216008,SAO CARLOS,SC,4216008
4216107,SAO DOMINGOS,SC,4216107
4216206,SAO FRANCISCO DO SUL,SC,4216206
4216305,SAO JOAO BATISTA,SC,4216305
4216404,SAO JOAO DO SUL,SC,4216404
4216503,SAO JOAQUIM,SC,4216503
4216602,SAO JOSE,SC,4216602
4216701,SAO JOSE DO CEDRO,SC,4216701
4216800,SAO JOSE DO CERRITO,SC,4216800
4216909,SAO LOURENCO DO OESTE,SC,4216909
4217105,SAO MARTINHO,SC,4217105
4217204,SAO MIGUEL DO OESTE,SC,4217204
4217253,SAO PEDRO DE ALCANTARA,SC,4217253
4217303,SAUDADES,SC,4217303
4217402,SCHROEDER,SC,4217402
4217501,SEARA,SC,4217501
4217600,SIDEROPOLIS,SC,4217600
4217709,SOMBRIO,SC,4217709
4217808,TAIO,SC,4217808
4217907,TANGARA,SC,4217907
4218004,TIJUCAS,SC,4218004
4218103,TIMBE DO SUL,SC,4218103
4218202,TIMBO,SC,4218202
4218301,TRES BARRAS,SC,4218301
4218400,TREZE DE MAIO,SC,4218400
4218509,TREZE TILIAS,SC,4218509
4218608,TROMBUDO CENTRAL,SC,4218608
4218707,TUBARAO,SC,4218707
4218806,TURVO,SC,4218806
4218905,URUBICI,SC,4218905
4219002,URUSSANGA,SC,4219002
4219101,VARGEAO,SC,4219101
4219309,VIDEIRA,SC,4219309
4219507,XANXERE,SC,4219507
4219606,XAVANTINA,SC,4219606
4219705,XAXIM,SC,4219705
4220000,BALNEARIO RINCAO,SC,4220000
4300059,AGUA SANTA,RS,4300059
4300109,AGUDO,RS,4300109
4300208,AJURICABA,RS,4300208
4300307,ALECRIM,RS,4300307
4300406,ALEGRETE,RS,4300406
4300505,ALPESTRE,RS,4300505
4300554,ALTO ALEGRE,RS,4300554
4300604,ALVORADA,RS,4300604
4300638,AMARAL FERRADOR,RS,4300638
4300661,ANDRE DA ROCHA,RS,4300661
4300703,ANTA GORDA,RS,4300703
4300802,ANTONIO PRADO,RS,4300802
4300901,ARATIBA,RS,4300901
4301008,ARROIO DO MEIO,RS,4301008
4301107,ARROIO DOS RATOS,RS,4301107
4301206,ARROIO DO TIGRE,RS,4301206
4301305,ARROIO GRANDE,RS,4301305
4301404,ARVOREZINHA,RS,4301404
4301503,AUGUSTO PESTANA,RS,4301503
4301602,BAGE,RS,4301602
4301651,BARAO,RS,4301651
4301701,BARAO DO COTEGIPE,RS,4301701
4301800,BARRACAO,RS,4301800
4301909,BARRA DO RIBEIRO,RS,4301909
4301925,BARRA DO RIO AZUL,RS,4301925
4302006,BARROS CASSAL,RS,4302006
4302105,BENTO GONCALVES,RS,4302105
4302303,BOM JESUS,RS,4302303
4302352,BOM PRINCIPIO,RS,4302352
4302402,BOM RETIRO DO SUL,RS,4302402
4302501,BOSSOROCA,RS,4302501
4302600,BRAGA,RS,4302600
4302659,BROCHIER DO MARATA,RS,4302659
4302709,BUTIA,RS,4302709
4302808,BOM JARDIM,RS,4302808
4302808,CACAPAVA DO SUL,RS,4302808
4302907,CACEQUI,RS,4302907
4303004,CACHOEIRA DO SUL,RS,4303004
4303103,CACHOEIRINHA,RS,4303103
4303202,CACIQUE DOBLE,RS,4303202
4303301,CAIBATE,MG,4303301
4303400,CAICARA,RS,4303400
4303509,CAMAQUA,RS,4303509
4303558,CAMARGO,RS,4303558
4303707,CAMPINA DAS MISSOES,RS,4303707
4303806,CAMPINAS DO SUL,RS,4303806
4303905,CAMPO BOM,RS,4303905
4304002,CAMPO NOVO,RS,4304002
4304101,CAMPOS BORGES,RS,4304101
4304200,CANDELARIA,RS,4304200
4304309,CANDIDO GODOI,RS,4304309
4304408,CANELA,RS,4304408
4304507,CANGUCU,RS,4304507
4304606,CANOAS,RS,4304606
4304630,CAPAO DA CANOA,RS,4304630
4304663,CAPAO DO LEAO,RS,4304663
4304689,CAPELA DE SANTANA,RS,4304689
4304705,CARAZINHO,RS,4304705
4304804,CARLOS BARBOSA,RS,4304804
4304903,CASCA,RS,4304903
4304952,CASEIROS,RS,4304952
4305009,CATUIPE,RS,4305009
4305108,CAXIAS DO SUL,RS,4305108
4305132,CERRO BRANCO,RS,4305132
4305173,CERRO GRANDE DO SUL,RS,4305173
4305207,CERRO LARGO,MG,4305207
4305306,CHAPADA,RS,4305306
4305355,CHARQUEADAS,RS,4305355
4305405,CHIAPETA,RS,4305405
4305439,CHUI,RS,4305439
4305504,CIRIACO,RS,4305504
4305603,COLORADO,RS,4305603
4305702,CONDOR,RS,4305702
4305801,CONSTANTINA,RS,4305801
4305900,BICACO,RS,4305900
4305959,COTIPORA,RS,4305959
4306007,CRISSIUMAL,RS,4306007
4306056,CRISTAL,RS,4306056
4306106,CRUZ ALTA,RS,4306106
4306205,CRUZEIRO DO SUL,RS,4306205
4306304,DAVID CANABARRO,RS,4306304
4306403,DOIS IRMAOS,RS,4306403
4306452,DOIS LAJEADOS,RS,4306452
4306502,DOM FELICIANO,RS,4306502
4306601,DOM PEDRITO,RS,4306601
4306700,DONA FRANCISCA,RS,4306700
4306734,DOUTOR MAURICIO CARDOSO,RS,4306734
4306767,ELDORADO DO SUL,RS,4306767
4306809,ENCANTADO,RS,4306809
4306908,ENCRUZILHADA DO SUL,RS,4306908
4306924,ENGENHO VELHO,RS,4306924
4306932,ENTRE IJUIS,RS,4306932
4307005,ERECHIN,RS,4307005
4307054,ERNESTINA,RS,4307054
4307203,ERVAL GRANDE,RS,4307203
4307302,ERVAL SECO,RS,4307302
4307401,ESMERALDA,RS,4307401
4307500,ESPUMOSO,RS,4307500
4307609,ESTANCIA VELHA,RS,4307609
4307708,ESTEIO,RS,4307708
4307807,ESTRELA,RS,4307807
4307831,EUGENIO DE CASTRO,RS,4307831
4307906,FARROUPILHA,RS,4307906
4308003,FAXINAL DO SOTURNO,RS,4308003
4308102,FELIZ,RS,4308102
4308201,FLORES DA CUNHA,RS,4308201
4308300,FONTOURA XAVIER,RS,4308300
4308409,FORMIGUEIRO,RS,4308409
4308458,FORTALEZA DOS VALOS,RS,4308458
4308508,FREDERICO WESTPHALEN,RS,4308508
4308607,GARIBALDI,RS,4308607
4308706,GAURAMA,RS,4308706
4308805,CAMARA,RS,4308805
4308904,GETULIO VARGAS,RS,4308904
4309001,GIRUA,MG,4309001
4309100,GRAMADO,RS,4309100
4309209,GRAVATAI,RS,4309209
4309258,GUABIJU,RS,4309258
4309308,GUAIBA,RS,4309308
4309407,GUAPORE,RS,4309407
4309506,GUARANI DAS MISSOES,MG,4309506
4309506,GUARANI DAS MISSOES,RS,4309506
4309605,HORIZONTINA,RS,4309605
4309704,HUMAITA,RS,4309704
4309803,IBIACA,RS,4309803
4309902,IBIRAIARAS,RS,4309902
4309951,IBIRAPUITA,RS,4309951
4310009,IBIRUBA,RS,4310009
4310108,IGREJINHA,RS,4310108
4310207,IJUI,RS,4310207
4310306,ILOPOLIS,RS,4310306
4310504,IRAI,RS,4310504
4310702,ITATIBA DO SUL,RS,4310702
4310751,IVORA,RS,4310751
4310801,IVOTI,RS,4310801
4310900,JACUTINGA,RS,4310900
4311007,JAGUARAO,RS,4311007
4311106,JAGUARI,RS,4311106
4311155,JOIA,RS,4311155
4311205,JULIO DE CASTILHOS,RS,4311205
4311254,LAGOAO,RS,4311254
4311304,LAGOA VERMELHA,RS,4311304
4311403,LAJEADO,RS,4311403
4311502,LAVRAS DO SUL,RS,4311502
4311601,LIBERATO SALZANO,RS,4311601
4311700,MACHADINHO,RS,4311700
4311809,MARAU,RS,4311809
4311908,MARCELINO RAMOS,RS,4311908
4312005,MARIANO MORO,RS,4312005
4312104,MATA,RS,4312104
4312203,MAXIMILIANO DE ALMEIDA,RS,4312203
4312302,MIRAGUAI,RS,4312302
4312401,MONTENEGRO,RS,4312401
4312450,MORRO REDONDO,RS,4312450
4312609,MUCUM,RS,4312609
4312658,NAO ME TOQUE,RS,4312658
4312708,NONOAI,RS,4312708
4312807,NOVA ARACA,RS,4312807
4312906,NOVA BASSANO,RS,4312906
4313003,NOVA BRESCIA,RS,4313003
4313102,NOVA PALMA,RS,4313102
4313201,NOVA PETROPOLIS,RS,4313201
4313201,VALE DO RIO CAI,RS,4313201
4313300,NOVA PRATA,RS,4313300
4313409,NOVO HAMBURGO,RJ,4313409
4313409,NOVO HAMBURGO,RS,4313409
4313508,OSORIO,RS,4313508
4313607,PAIM FO,RS,4313607
4313706,PALMEIRA DAS MISSOES,RS,4313706
4313805,PALMITINHO,RS,4313805
4313904,PANAMBI,RS,4313904
4314001,PARAI,RS,4314001
4314027,PARAISO DO SUL,RS,4314027
4314100,PASSO FUNDO,RS,4314100
4314209,PEDRO OSORIO,RS,4314209
4314308,PEJUCARA,RS,4314308
4314407,PELOTAS,RS,4314407
4314506,PINHEIRO MACHADO,RS,4314506
4314605,PIRATINI,RS,4314605
4314704,PLANALTO,RS,4314704
4314803,PORTAO,RS,4314803
4314902,PORTO ALEGRE,RS,4314902
4315008,PORTO LUCENA,RS,4315008
4315107,PORTO XAVIER,MG,4315107
4315206,PUTINGA,RS,4315206
4315305,QUARAI,RS,4315305
4315354,QUINZE DE NOVEMBRO,RS,4315354
4315404,REDENTORA,RS,4315404
4315503,RESTINGA SECA,RS,4315503
4315602,RIO GRANDE,RS,4315602
4315701,RIO PARDO,RS,4315701
4315800,ROCA SALES,RS,4315800
4315909,RODEIO BONITO,RS,4315909
4316105,RONDA ALTA,RS,4316105
4316204,RONDINHA,RS,4316204
4316303,ROQUE GONZALES,MG,4316303
4316402,ROSARIO DO SUL,RS,4316402
4316451,SALTO DO JACUI,RS,4316451
4316501,SALVADOR DO SUL,RS,4316501
4316600,SANANDUVA,RS,4316600
4316709,SANTA BARBARA DO SUL,RS,4316709
4316808,SANTA CRUZ DO SUL,RS,4316808
4316907,SANTA MARIA,RS,4316907
4317004,SANTANA DA BOA VISTA,RS,4317004
4317103,SANTANA DO LIVRAMENTO,RS,4317103
4317202,SANTA ROSA,RS,4317202
4317301,SANTA VITORIA DO PALMAR,RS,4317301
4317400,SANTIAGO,RS,4317400
4317509,SANTO ANGELO,RS,4317509
4317608,SANTO ANTONIO DA PATRULHA,RS,4317608
4317707,SANTO ANTONIO DAS MISSOES,RS,4317707
4317806,SANTO AUGUSTO,RS,4317806
4317905,SANTO CRISTO,RS,4317905
4318002,SAO BORJA,RS,4318002
4318051,SAO DOMINGOS DO SUL,RS,4318051
4318101,SAO FRANCISCO DE ASSIS,RS,4318101
4318200,SAO FRANCISCO DE PAULA,RS,4318200
4318309,SAO GABRIEL,RS,4318309
4318408,SAO JERONIMO,RS,4318408
4318432,SAO JOAO DO POLESINE,RS,4318432
4318481,SAO JOSE DO HORTENCIO,RS,4318481
4318507,SAO JOSE DO NORTE,RS,4318507
4318606,SAO JOSE DO OURO,RS,4318606
4318705,SAO LEOPOLDO,RS,4318705
4318804,SAO LOURENCO DO SUL,RS,4318804
4318903,SAO LUIZ GONZAGA,RS,4318903
4319000,SAO MARCOS,RS,4319000
4319109,SAO MARTINHO,RS,4319109
4319158,SAO MIGUEL DAS MISSOES,RS,4319158
4319208,SAO NICOLAU,RS,4319208
4319307,SAO PAULO DAS MISSOES,RS,4319307
4319406,SAO PEDRO DO SUL,RS,4319406
4319505,SAO SEBASTIAO DO CAI,RS,4319505
4319604,SAO SEPE,RS,4319604
4319703,SAO VALENTIM,RS,4319703
4319752,SAO VENDELINO,RS,4319752
4319802,SAO VICENTE DO SUL,RS,4319802
4319901,SAPIRANGA,RS,4319901
4320008,SAPUCAIA DO SUL,RS,4320008
4320107,SARANDI,RS,4320107
4320206,SEBERI,RS,4320206
4320263,SEGREDO,RS,4320263
4320305,SELBACH,RS,4320305
4320404,SERAFINA CORREA,RS,4320404
4320503,SERTAO,RS,4320503
4320602,SEVERIANO DE ALMEIDA,RS,4320602
4320701,SOBRADINHO,RS,4320701
4320800,SOLEDADE,RS,4320800
4320909,TAPEJARA,RS,4320909
4321006,TAPERA,RS,4321006
4321105,TAPES,RS,4321105
4321204,TAQUARA,RS,4321204
4321303,TAQUARI,RS,4321303
4321402,PORTELA,RS,4321402
4321402,TENENTE PORTELA,RS,4321402
4321451,TEUTONIA,RS,4321451
4321501,TORRES,RS,4321501
4321709,TRES COROAS,RS,4321709
4321907,TRES PASSOS,RS,4321907
4322004,TRIUNFO,RS,4322004
4322103,TUCUNDUVA,RS,4322103
4322152,TUNAS,RS,4322152
4322202,TUPANCIRETA,RS,4322202
4322251,TUPANDI,RS,4322251
4322301,TUPARENDI,RS,4322301
4322400,URUGUAIANA,RS,4322400
4322509,VACARIA,RS,4322509
4322558,VANINI,RS,4322558
4322608,VENANCIO AIRES,RS,4322608
4322707,VERA CRUZ,RS,4322707
4322806,VERANOPOLIS,RS,4322806
4322905,VIADUTOS,RS,4322905
4323002,VIAMAO,RS,4323002
4323101,VICENTE DUTRA,RS,4323101
4323200,VICTOR GRAEFF,RS,4323200
4323309,VILA FLORES,RS,4323309
4323507,VISTA ALEGRE,RS,4323507
5000203,AGUA CLARA,MS,5000203
5000609,AMAMBAI,MS,5000609
5000708,ANASTACIO,MS,5000708
5001003,APARECIDA DO TABOADO,MS,5001003
5001102,AQUIDAUANA,MS,5001102
5001508,BANDEIRANTES,MS,5001508
5001904,BATAGUASSU,MS,5001904
5002001,BATAIPORA,MS,5002001
5002100,BELA VISTA,MS,5002100
5002159,BODOQUENA,MS,5002159
5002209,BONITO,MS,5002209
5002308,BRASILANDIA,MS,5002308
5002407,CAARAPO,MS,5002407
5002605,CAMAPUA,MS,5002605
5002704,CAMPO GRANDE,MS,5002704
5002902,CASSILANDIA,MS,5002902
5002951,CHAPADAO DO SUL,MS,5002951
5003207,CORUMBA,MS,5003207
5003256,COSTA RICA,MS,5003256
5003306,COXIM,MS,5003306
5003702,DOURADOS,MS,5003702
5003801,FATIMA DO SUL,MS,5003801
5004007,GLORIA DE DOURADOS,MS,5004007
5004106,GUIA LOPES,MS,5004106
5004106,GUIA LOPES DA LAGUNA,MS,5004106
5004304,IGUATEMI,MS,5004304
5004403,INOCENCIA,MS,5004403
5004502,ITAPORA,MS,5004502
5004700,IVINHEMA,MS,5004700
5004908,JARAGUARI,MS,5004908
5005004,JARDIM,MS,5005004
5005103,JATEI,MS,5005103
5005202,LADARIO,MS,5005202
5005400,MARACAJU,MS,5005400
5005608,MIRANDA,MS,5005608
5005707,NAVIRAI,MS,5005707
5005806,NIOAQUE,MS,5005806
5006200,NOVA ANDRADINA,MS,5006200
5006309,PARANAIBA,MS,5006309
5006408,PEDRO GOMES,MS,5006408
5006606,PONTA PORA,MS,5006606
5006903,PORTO MURTINHO,MS,5006903
5007109,RIBAS DO RIO PARDO,MS,5007109
5007208,RIO BRILHANTE,MS,5007208
5007307,RIO NEGRO,MS,5007307
5007406,RIO VERDE,MS,5007406
5007505,ROCHEDO,MS,5007505
5007695,SAO GABRIEL D OESTE,MS,5007695
5007695,SAO GABRIEL DO OESTE,MS,5007695
5007901,SIDROLANDIA,MS,5007901
5008008,TERENOS,MS,5008008
5008305,TRES LAGOAS,MS,5008305
5008404,VICENTINA,MS,5008404
5100201,AGUA BOA,MT,5100201
5100250,PEDRA ALTA,MT,5100250
5100250,ALTA FLORESTA,MT,5100250
5100300,ALTO ARAGUAIA,MT,5100300
5100409,ALTO GARCAS,MT,5100409
5101001,ARAGUAIANA,MT,5101001
5101258,ARAPUTANGA,MT,5101258
5101407,ARIPUANA,MT,5101407
5101704,BARRA DO BUGRES,MT,5101704
5101803,BARRA DO GARCAS,MT,5101803
5102504,CACERES,MT,5102504
5102702,CANARANA,MT,5102702
5103106,COCALINHO,MT,5103106
5103205,COLIDER,MT,5103205
5103353,CONFRESA,MT,5103353
5103403,CUIABA,MT,5103403
5103502,DIAMANTINO,MT,5103502
5103601,DOM AQUINO,MT,5103601
5103908,GENERAL CARNEIRO,MT,5103908
5104203,GUIRATINGA,MT,5104203
5104609,ITIQUIRA,MT,5104609
5104807,JACIARA,MT,5104807
5105101,JUARA,MT,5105101
5105150,JUINA,MT,5105150
5105200,JUSCIMEIRA,MT,5105200
5105606,MATUPA,MT,5105606
5105622,MIRASSOL D OESTE,MT,5105622
5106109,NOSSA SENHORA DO LIVRAMENTO,MT,5106109
5106224,NOVA MUTUM,MT,5106224
5106232,NOVA OLIMPIA,MT,5106232
5106257,NOVA XAVANTINA,MT,5106257
5106372,PEDRA PRETA,MT,5106372
5106653,PONTAL DO ARAGUAIA,MT,5106653
5106752,PONTES E LACERDA,MT,5106752
5107008,POXOREO,MT,5107008
5107040,PRIMAVERA DO LESTE,MT,5107040
5107107,SAO JOSE DOS QUATRO MARCOS,MT,5107107
5107206,RIO BRANCO,MT,5107206
5107263,SANTO AFONSO,MT,5107263
5107354,SAO JOSE DO XINGU,MT,5107354
5107602,RONDONOPOLIS,MT,5107602
5107859,SAO FELIX DO ARAGUAIA,MT,5107859
5107909,SINOP,MT,5107909
5107925,SORRISO,MT,5107925
5107958,TANGARA DA SERRA,MT,5107958
5108105,TESOURO,MT,5108105
5108204,TORIXOREU,MT,5108204
5108402,VARZEA GRANDE,MT,5108402
5108600,VILA RICA,MT,5108600
5200050,ABADIA DE GOIAS,GO,5200050
5200100,ABADIANIA,GO,5200100
5200134,ACREUNA,GO,5200134
5200308,ALEXANIA,GO,5200308
5200506,ALOANDIA,GO,5200506
5200852,AMERICANO DO BRASIL,GO,5200852
5201108,ANAPOLIS,GO,5201108
5201207,ANHANGUERA,GO,5201207
5201306,ANICUNS,GO,5201306
5201405,APARECIDA DE GOIANIA,GO,5201405
5201504,APORE,GO,5201504
5201603,ARACU,GO,5201603
5201702,ARAGARCAS,GO,5201702
5201801,ARAGOIANIA,GO,5201801
5202155,ARAGUAPAZ,GO,5202155
5202502,ARUANA,GO,5202502
5202601,AURILANDIA,GO,5202601
5203104,BALIZA,GO,5203104
5203203,BARRO ALTO,GO,5203203
5203302,BELA VISTA DE GOIAS,GO,5203302
5203401,BOM JARDIM DE GOIAS,GO,5203401
5203500,BOM JESUS DE GOIAS,GO,5203500
5203559,BONFINOPOLIS,GO,5203559
5203807,BRITANIA,GO,5203807
5203906,BURITI ALEGRE,GO,5203906
5204102,CACHOEIRA ALTA,GO,5204102
5204201,CACHOEIRA DE GOIAS,GO,5204201
5204250,CACHOEIRA DOURADA,GO,5204250
5204300,CACU,GO,5204300
5204409,CAIAPONIA,GO,5204409
5204508,CALDAS NOVAS,GO,5204508
5204557,CALDAZINHA,GO,5204557
5204656,CAMPINACU,GO,5204656
5204706,CAMPINORTE,GO,5204706
5204904,CAMPOS BELOS,GO,5204904
5204953,CAMPOS VERDES,GO,5204953
5205059,CASTELANDIA,GO,5205059
5205109,CATALAO,GO,5205109
5205307,CAVALCANTE,GO,5205307
5205406,CERES,GO,5205406
5205455,CEZARINA,GO,5205455
5205703,CORREGO DO OURO,GO,5205703
5205802,CORUMBA DE GOIAS,GO,5205802
5205901,CORUMBAIBA,GO,5205901
5206206,CRISTALINA,GO,5206206
5206404,CRIXAS,GO,5206404
5206602,CUMARI,GO,5206602
5206909,DAVINOPOLIS,GO,5206909
5207105,DIORAMA,GO,5207105
5207253,DOVERLANDIA,GO,5207253
5207352,EDEALINA,GO,5207352
5207402,EDEIA,GO,5207402
5207535,FAINA,GO,5207535
5207600,FAZENDA NOVA,GO,5207600
5207808,FIRMINOPOLIS,GO,5207808
5208004,FORMOSA,GO,5208004
5208103,FORMOSO,GO,5208103
5208301,DIVINOPOLIS DE GOIAS,GO,5208301
5208400,GOIANAPOLIS,GO,5208400
5208509,GOIANDIRA,GO,5208509
5208608,GOIANESIA,GO,5208608
5208707,GOANIA,GO,5208707
5208707,GOIANIA,GO,5208707
5208707,GOIANIA,PE,5208707
5208806,GOIANIRA,GO,5208806
5208905,EST DE GOIAS,GO,5208905
5208905,GOIAS,GO,5208905
5208905,GOIAS VELHO,MG,5208905
5209101,GOIATUBA,GO,5209101
5209200,GUAPO,GO,5209200
5209705,HIDROLANDIA,GO,5209705
5209937,INACIOLANDIA,GO,5209937
5209952,INDIARA,GO,5209952
5210000,INHUMAS,GO,5210000
5210109,IPAMERI,GO,5210109
5210208,IPORA,GO,5210208
5210406,ITABERAI,GO,5210406
5210604,ITAGUARU,GO,5210604
5210802,ITAJA,GO,5210802
5210901,ITAPACI,GO,5210901
5211008,ITAPIRAPUA,GO,5211008
5211206,ITAPURANGA,GO,5211206
5211305,ITARUMA,GO,5211305
5211404,ITAUCU,GO,5211404
5211503,ITUMBIARA,GO,5211503
5211701,JANDAIA,GO,5211701
5211800,JARAGUA,GO,5211800
5211909,JATAI,GO,5211909
5212006,JAUPACI,GO,5212006
5212105,JOVIANIA,GO,5212105
5212204,JUSSARA,GO,5212204
5212303,LEOPOLDO DE BULHOES,GO,5212303
5212501,LUZIANIA,GO,5212501
5212808,MARA ROSA,GO,5212808
5213004,MAURILANDIA,GO,5213004
5213087,MINACU,GO,5213087
5213103,MINEIROS,GO,5213103
5213400,MOIPORA,GO,5213400
5213509,MONTE ALEGRE DE GOIAS,GO,5213509
5213707,MONTES CLAROS DE GOIAS,GO,5213707
5213756,MONTIVIDIU,GO,5213756
5213806,MORRINHOS,GO,5213806
5213905,MOSSAMEDES,GO,5213905
5214002,MOZARLANDIA,GO,5214002
5214051,MUNDO NOVO,GO,5214051
5214101,MUTUNOPOLIS,GO,5214101
5214408,NAZARIO,GO,5214408
5214507,NEROPOLIS,GO,5214507
5214606,NIQUELANDIA,GO,5214606
5214705,NOVA AMERICA,GO,5214705
5214838,NOVA CRIXAS,GO,5214838
5214879,NOVA IGUACU DE GOIAS,GO,5214879
5215207,NOVO BRASIL,GO,5215207
5215256,NOVO PLANALTO,GO,5215256
5215306,ORIZONA,GO,5215306
5215504,OUVIDOR,GO,5215504
5215702,PALMEIRAS DE GOIAS,GO,5215702
5215801,PALMELO,GO,5215801
5216304,PARANAIGUARA,GO,5216304
5216403,PARAUNA,GO,5216403
5216809,PETROLINA DE GOIAS,GO,5216809
5216908,PILAR DE GOIAS,GO,5216908
5217104,PIRACANJUBA,GO,5217104
5217203,PIRANHAS,GO,5217203
5217302,PIRENOPOLIS,GO,5217302
5217401,PIRES DO RIO,GO,5217401
5217609,PLANALTINA,GO,5217609
5217708,PONTALINA,GO,5217708
5218003,PORANGATU,GO,5218003
5218300,POSSE,GO,5218300
5218508,QUIRINOPOLIS,GO,5218508
5218607,RIALMA,GO,5218607
5218789,RIO QUENTE,GO,5218789
5218805,RIO VERDE,GO,5218805
5218904,RUBIATABA,GO,5218904
5219001,SANCLERLANDIA,GO,5219001
5219258,SANTA FE DE GOIAS,GO,5219258
5219308,SANTA HELENA DE GOIAS,GO,5219308
5219407,SANTA RITA DO ARAGUAIA,GO,5219407
5219605,SANTA TEREZA DE GOIAS,GO,5219605
5219704,SANTA TEREZINHA DE GOIAS,GO,5219704
5219803,SAO DOMINGOS,GO,5219803
5220058,SAO JOAO DA PARAUNA,GO,5220058
5220108,SAO LUIS DE MONTES BELOS,GO,5220108
5220207,SAO MIGUEL DO ARAGUAIA,GO,5220207
5220405,SAO SIMAO,GO,5220405
5220454,SENADOR CANEDO,GO,5220454
5220504,SERRANOPOLIS,GO,5220504
5220603,SILVANIA,GO,5220603
5221007,TAQUARAL DE GOIAS,GO,5221007
5221403,TRINDADE,GO,5221403
5221502,TURVANIA,GO,5221502
5221551,TURVELANDIA,GO,5221551
5221601,URUACU,GO,5221601
5221700,URUANA,GO,5221700
5221858,VALPARAISO DE GOIAS,GO,5221858
5222005,VIANOPOLIS,GO,5222005
5222054,VICENTINOPOLIS,GO,5222054
5300108,BRASILIA,DF,5300108
68515,PARANAPEBA,PA,68515