CD_PLANO,CD_MUNIC,TP_SITUACAO,ID_ORIGEM
1640042B,3104007,I,1987
1640990E,3104007,I,2597
1640990E,3111507,I,2592
1640990E,3129509,I,2591
1640990E,3149200,I,2596
1640990E,3149804,I,2593
1640990E,3153004,I,2594
1640990E,3168101,I,2595
1641058L5,3104007,I,2247
1641058L5,3111507,I,2242
1641058L5,3153004,I,2244
1641058L5,3168101,I,2245
1641058L5,3129509,I,2241
1641058L5,3149200,I,2246
1641058L5,3149804,I,2243
1641145L8,3104007,I,2004
1641145L8,3111507,I,2007
1641145L8,3170107,I,2005
1641145L8,3149804,I,2008
1641145L8,3153004,I,2011
1641145L8,3157708,I,3065
1641145L8,3168101,I,2010
1641145L8,3127107,I,3063
1641145L8,3129509,I,2006
1641145L8,3147907,I,3064
1641145L8,3149200,I,2009
164310143,3104007,I,2807
164310143,3111507,I,2802
164310143,3129509,I,2801
164310143,3149200,I,2806
164310143,3149804,I,2803
164310143,3153004,I,2804
164310143,3168101,I,2805
164310145,3104007,I,2737
164310145,3111507,I,2732
164310145,3129509,I,2731
164310145,3149200,I,2736
164310145,3149804,I,2733
164310145,3153004,I,2734
164310145,3168101,I,2735
1643102B,3104007,I,2555
1643102B,3111507,I,2550
1643102B,3129509,I,2549
1643102B,3168101,I,2553
1643102B,3149200,I,2554
1643102B,3149804,I,2551
1643102B,3153004,I,2552
164310445,3104007,I,3038
164310445,3111507,I,3033
164310445,3129509,I,3032
164310445,3149200,I,3037
164310445,3149804,I,3034
164310445,3153004,I,3035
164310445,3168101,I,3036
1643105B2,3104007,I,2940
1643105B2,3111507,I,2935
1643105B2,3149804,I,2936
1643105B2,3153004,I,2937
1643105B2,3168101,I,2938
1643105B2,3129509,I,2934
1643105B2,3149200,I,2939
1643106A2,3104007,I,2723
1643106A2,3111507,I,2718
1643106A2,3129509,I,2717
1643106A2,3149200,I,2722
1643106A2,3149804,I,2719
1643106A2,3153004,I,2720
1643106A2,3168101,I,2721
1643106A3,3104007,I,2989
1643106A3,3111507,I,2984
1643106A3,3129509,I,2983
1643106A3,3149200,I,2988
1643106A3,3149804,I,2985
1643106A3,3153004,I,2986
1643106A3,3168101,I,2987
164310743,3104007,I,2632
164310743,3111507,I,2627
164310743,3129509,I,2626
164310743,3149200,I,2631
164310743,3149804,I,2628
164310743,3153004,I,2629
164310743,3168101,I,2630
164310745,3104007,I,2968
164310745,3111507,I,2963
164310745,3129509,I,2962
164310745,3149200,I,2967
164310745,3149804,I,2964
164310745,3153004,I,2965
164310745,3168101,I,2966
164310843,3104007,I,2961
164310843,3111507,I,2956
164310843,3129509,I,2955
164310843,3149200,I,2960
164310843,3149804,I,2957
164310843,3153004,I,2958
164310843,3168101,I,2959
164310845,3104007,I,2289
164310845,3111507,I,2284
164310845,3129509,I,2283
164310845,3168101,I,2287
164310845,3149200,I,2288
164310845,3149804,I,2285
164310845,3153004,I,2286
1643108A,3104007,I,3024
1643108A,3111507,I,3019
1643108A,3129509,I,3018
1643108A,3149200,I,3023
1643108A,3149804,I,3020
1643108A,3153004,I,3021
1643108A,3168101,I,3022
164310943,3104007,I,2786
164310943,3111507,I,2781
164310943,3168101,I,2784
164310943,3149804,I,2782
164310943,3153004,I,2783
164310943,3129509,I,2780
164310943,3149200,I,2785
1643109B,3104007,I,2408
1643109B,3111507,I,2403
1643109B,3129509,I,2402
1643109B,3168101,I,2406
1643109B,3149200,I,2407
1643109B,3149804,I,2404
1643109B,3153004,I,2405
164311043,3104007,I,3017
164311043,3111507,I,3012
164311043,3129509,I,3011
164311043,3149200,I,3016
164311043,3149804,I,3013
164311043,3153004,I,3014
164311043,3168101,I,3015
164311045,3104007,I,2282
164311045,3111507,I,2277
164311045,3129509,I,2276
164311045,3149200,I,2281
164311045,3149804,I,2278
164311045,3153004,I,2279
164311045,3168101,I,2280
164311143,3104007,I,3031
164311143,3111507,I,3026
164311143,3129509,I,3025
164311143,3149200,I,3030
164311143,3149804,I,3027
164311143,3153004,I,3028
164311143,3168101,I,3029
164311145,3104007,I,2765
164311145,3111507,I,2760
164311145,3129509,I,2759
164311145,3149200,I,2764
164311145,3149804,I,2761
164311145,3153004,I,2762
164311145,3168101,I,2763
164311245,3104007,I,2758
164311245,3111507,I,2753
164311245,3129509,I,2752
164311245,3149200,I,2757
164311245,3149804,I,2754
164311245,3153004,I,2755
164311245,3168101,I,2756
164320143,3104007,I,2520
164320143,3111507,I,2515
164320143,3129509,I,2514
164320143,3149200,I,2519
164320143,3149804,I,2516
164320143,3153004,I,2517
164320143,3168101,I,2518
164320145,3104007,I,2849
164320145,3111507,I,2844
164320145,3129509,I,2843
164320145,3149200,I,2848
164320145,3149804,I,2845
164320145,3153004,I,2846
164320145,3168101,I,2847
164340143,3104007,I,2450
164340143,3111507,I,2445
164340143,3129509,I,2444
164340143,3149200,I,2449
164340143,3149804,I,2446
164340143,3153004,I,2447
164340143,3168101,I,2448
1643401A3,3104007,I,2394
1643401A3,3111507,I,2389
1643401A3,3129509,I,2388
1643401A3,3149200,I,2393
1643401A3,3149804,I,2390
1643401A3,3153004,I,2391
1643401A3,3168101,I,2392
164340243,3104007,I,2877
164340243,3111507,I,2872
164340243,3129509,I,2871
164340243,3149200,I,2876
164340243,3149804,I,2873
164340243,3153004,I,2874
164340243,3168101,I,2875
164340245,3104007,I,2380
164340245,3111507,I,2375
164340245,3129509,I,2374
164340245,3149200,I,2379
164340245,3149804,I,2376
164340245,3153004,I,2377
164340245,3168101,I,2378
1643402A3,3104007,I,2933
1643402A3,3111507,I,2928
1643402A3,3129509,I,2927
1643402A3,3149200,I,2932
1643402A3,3149804,I,2929
1643402A3,3153004,I,2930
1643402A3,3168101,I,2931
1643402B,3104007,I,2373
1643402B,3111507,I,2368
1643402B,3129509,I,2367
1643402B,3149200,I,2372
1643402B,3149804,I,2369
1643402B,3153004,I,2370
1643402B,3168101,I,2371
164340345,3104007,I,2681
164340345,3111507,I,2676
164340345,3129509,I,2675
164340345,3149200,I,2680
164340345,3149804,I,2677
164340345,3153004,I,2678
164340345,3168101,I,2679
1643403A,3104007,I,2667
1643403A,3111507,I,2662
1643403A,3129509,I,2661
1643403A,3149200,I,2666
1643403A,3149804,I,2663
1643403A,3153004,I,2664
1643403A,3168101,I,2665
1643403B,3104007,I,2506
1643403B,3111507,I,2501
1643403B,3129509,I,2500
1643403B,3149200,I,2505
1643403B,3149804,I,2502
1643403B,3153004,I,2503
1643403B,3168101,I,2504
164340443,3104007,I,2653
164340443,3111507,I,2648
164340443,3129509,I,2647
164340443,3149200,I,2652
164340443,3149804,I,2649
164340443,3153004,I,2650
164340443,3168101,I,2651
164340445,3104007,I,2814
164340445,3111507,I,2809
164340445,3129509,I,2808
164340445,3149200,I,2813
164340445,3149804,I,2810
164340445,3153004,I,2811
164340445,3168101,I,2812
1643404A,3104007,I,2422
1643404A,3111507,I,2417
1643404A,3153004,I,2419
1643404A,3168101,I,2420
1643404A,3129509,I,2416
1643404A,3149200,I,2421
1643404A,3149804,I,2418
1643404B,3104007,I,2233
1643404B,3111507,I,2228
1643404B,3129509,I,2227
1643404B,3149200,I,2232
1643404B,3149804,I,2229
1643404B,3153004,I,2230
1643404B,3168101,I,2231
1643404D,3104007,I,2443
1643404D,3111507,I,2438
1643404D,3129509,I,2437
1643404D,3149200,I,2442
1643404D,3149804,I,2439
1643404D,3153004,I,2440
1643404D,3168101,I,2441
164340543,3104007,I,2905
164340543,3111507,I,2900
164340543,3129509,I,2899
164340543,3149200,I,2904
164340543,3149804,I,2901
164340543,3153004,I,2902
164340543,3168101,I,2903
164340545,3104007,I,2541
164340545,3149804,I,2537
164340545,3153004,I,2538
164340545,3168101,I,2539
164340545,3111507,I,2536
164340545,3129509,I,2535
164340545,3149200,I,2540
164340561,3104007,I,2534
164340561,3111507,I,2529
164340561,3129509,I,2528
164340561,3149200,I,2533
164340561,3149804,I,2530
164340561,3153004,I,2531
164340561,3168101,I,2532
1643405A,3104007,I,2793
1643405A,3111507,I,2788
1643405A,3129509,I,2787
1643405A,3149200,I,2792
1643405A,3149804,I,2789
1643405A,3153004,I,2790
1643405A,3168101,I,2791
1643405B,3104007,I,2695
1643405B,3111507,I,2690
1643405B,3129509,I,2689
1643405B,3149200,I,2694
1643405B,3149804,I,2691
1643405B,3153004,I,2692
1643405B,3168101,I,2693
164340643,3104007,I,2268
164340643,3111507,I,2263
164340643,3129509,I,2262
164340643,3149200,I,2267
164340643,3149804,I,2264
164340643,3153004,I,2265
164340643,3168101,I,2266
164340645,3104007,I,2485
164340645,3149804,I,2481
164340645,3153004,I,2482
164340645,3168101,I,2483
164340645,3111507,I,2480
164340645,3129509,I,2479
164340645,3149200,I,2484
164340661,3104007,I,2975
164340661,3111507,I,2970
164340661,3129509,I,2969
164340661,3149200,I,2974
164340661,3149804,I,2971
164340661,3153004,I,2972
164340661,3168101,I,2973
1643406A,3104007,I,2751
1643406A,3111507,I,2746
1643406A,3129509,I,2745
1643406A,3149200,I,2750
1643406A,3149804,I,2747
1643406A,3153004,I,2748
1643406A,3168101,I,2749
1643406A2,3104007,I,2576
1643406A2,3111507,I,2571
1643406A2,3129509,I,2570
1643406A2,3149200,I,2575
1643406A2,3149804,I,2572
1643406A2,3153004,I,2573
1643406A2,3168101,I,2574
1643406B2,3104007,I,2912
1643406B2,3111507,I,2907
1643406B2,3129509,I,2906
1643406B2,3149200,I,2911
1643406B2,3149804,I,2908
1643406B2,3153004,I,2909
1643406B2,3168101,I,2910
1643406B3,3104007,I,2254
1643406B3,3111507,I,2249
1643406B3,3129509,I,2248
1643406B3,3149200,I,2253
1643406B3,3149804,I,2250
1643406B3,3153004,I,2251
1643406B3,3168101,I,2252
164340743,3104007,I,2401
164340743,3111507,I,2396
164340743,3129509,I,2395
164340743,3149200,I,2400
164340743,3149804,I,2397
164340743,3153004,I,2398
164340743,3168101,I,2399
164340745,3104007,I,2296
164340745,3111507,I,2291
164340745,3129509,I,2290
164340745,3149200,I,2295
164340745,3149804,I,2292
164340745,3153004,I,2293
164340745,3168101,I,2294
1643407A,3104007,I,2569
1643407A,3111507,I,2564
1643407A,3129509,I,2563
1643407A,3149200,I,2568
1643407A,3149804,I,2565
1643407A,3153004,I,2566
1643407A,3168101,I,2567
1643407B,3104007,I,2471
1643407B,3111507,I,2466
1643407B,3129509,I,2465
1643407B,3149200,I,2470
1643407B,3149804,I,2467
1643407B,3153004,I,2468
1643407B,3168101,I,2469
1643407B2,3104007,I,2856
1643407B2,3111507,I,2851
1643407B2,3129509,I,2850
1643407B2,3149200,I,2855
1643407B2,3149804,I,2852
1643407B2,3153004,I,2853
1643407B2,3168101,I,2854
164340843,3104007,I,2513
164340843,3111507,I,2508
164340843,3129509,I,2507
164340843,3149200,I,2512
164340843,3149804,I,2509
164340843,3153004,I,2510
164340843,3168101,I,2511
164340845,3104007,I,2548
164340845,3111507,I,2543
164340845,3129509,I,2542
164340845,3149200,I,2547
164340845,3149804,I,2544
164340845,3153004,I,2545
164340845,3168101,I,2546
1643408A,3104007,I,2310
1643408A,3111507,I,2305
1643408A,3129509,I,2304
1643408A,3149200,I,2309
1643408A,3149804,I,2306
1643408A,3153004,I,2307
1643408A,3168101,I,2308
1643408A3,3104007,I,2688
1643408A3,3111507,I,2683
1643408A3,3129509,I,2682
1643408A3,3149200,I,2687
1643408A3,3149804,I,2684
1643408A3,3153004,I,2685
1643408A3,3168101,I,2686
1643408B,3104007,I,2996
1643408B,3111507,I,2991
1643408B,3153004,I,2993
1643408B,3168101,I,2994
1643408B,3129509,I,2990
1643408B,3149200,I,2995
1643408B,3149804,I,2992
1643408B3,3104007,I,2660
1643408B3,3111507,I,2655
1643408B3,3153004,I,2657
1643408B3,3168101,I,2658
1643408B3,3129509,I,2654
1643408B3,3149200,I,2659
1643408B3,3149804,I,2656
164340943,3104007,I,2527
164340943,3149804,I,2523
164340943,3153004,I,2524
164340943,3168101,I,2525
164340943,3111507,I,2522
164340943,3129509,I,2521
164340943,3149200,I,2526
164340945,3104007,I,2618
164340945,3111507,I,2613
164340945,3129509,I,2612
164340945,3149200,I,2617
164340945,3149804,I,2614
164340945,3153004,I,2615
164340945,3168101,I,2616
1643409A2,3104007,I,2331
1643409A2,3111507,I,2326
1643409A2,3129509,I,2325
1643409A2,3149200,I,2330
1643409A2,3149804,I,2327
1643409A2,3153004,I,2328
1643409A2,3168101,I,2329
1643409B2,3104007,I,2499
1643409B2,3111507,I,2494
1643409B2,3129509,I,2493
1643409B2,3149200,I,2498
1643409B2,3149804,I,2495
1643409B2,3153004,I,2496
1643409B2,3168101,I,2497
164341045,3104007,I,2492
164341045,3111507,I,2487
164341045,3129509,I,2486
164341045,3149200,I,2491
164341045,3149804,I,2488
164341045,3153004,I,2489
164341045,3168101,I,2490
164341061,3104007,I,3052
164341061,3111507,I,3047
164341061,3129509,I,3046
164341061,3149200,I,3051
164341061,3149804,I,3048
164341061,3153004,I,3049
164341061,3168101,I,3050
1643410A2,3104007,I,2303
1643410A2,3111507,I,2298
1643410A2,3129509,I,2297
1643410A2,3149200,I,2302
1643410A2,3149804,I,2299
1643410A2,3153004,I,2300
1643410A2,3168101,I,2301
1643410C2,3104007,I,2919
1643410C2,3111507,I,2914
1643410C2,3129509,I,2913
1643410C2,3149200,I,2918
1643410C2,3149804,I,2915
1643410C2,3153004,I,2916
1643410C2,3168101,I,2917
164341143,3104007,I,2324
164341143,3111507,I,2319
164341143,3129509,I,2318
164341143,3149200,I,2323
164341143,3149804,I,2320
164341143,3153004,I,2321
164341143,3168101,I,2322
164341145,3104007,I,2240
164341145,3111507,I,2235
164341145,3129509,I,2234
164341145,3149200,I,2239
164341145,3149804,I,2236
164341145,3153004,I,2237
164341145,3168101,I,2238
1643411A2,3104007,I,2478
1643411A2,3111507,I,2473
1643411A2,3129509,I,2472
1643411A2,3168101,I,2476
1643411A2,3149200,I,2477
1643411A2,3149804,I,2474
1643411A2,3153004,I,2475
164341245,3104007,I,2898
164341245,3111507,I,2893
164341245,3129509,I,2892
164341245,3149200,I,2897
164341245,3149804,I,2894
164341245,3153004,I,2895
164341245,3168101,I,2896
1643412B2,3104007,I,2954
1643412B2,3153004,I,2951
1643412B2,3168101,I,2952
1643412B2,3111507,I,2949
1643412B2,3129509,I,2948
1643412B2,3149200,I,2953
1643412B2,3149804,I,2950
164411045,3104007,I,2835
164411045,3111507,I,2830
164411045,3129509,I,2829
164411045,3149200,I,2834
164411045,3149804,I,2831
164411045,3153004,I,2832
164411045,3168101,I,2833
164420845,3104007,I,2352
164420845,3111507,I,2347
164420845,3129509,I,2346
164420845,3149200,I,2351
164420845,3149804,I,2348
164420845,3153004,I,2349
164420845,3168101,I,2350
164430743,3104007,I,2646
164430743,3111507,I,2641
164430743,3129509,I,2640
164430743,3168101,I,2644
164430743,3149200,I,2645
164430743,3149804,I,2642
164430743,3153004,I,2643
164431045,3104007,I,2716
164431045,3111507,I,2711
164431045,3153004,I,2713
164431045,3168101,I,2714
164431045,3129509,I,2710
164431045,3149200,I,2715
164431045,3149804,I,2712
164440643,3104007,I,2415
164440643,3111507,I,2410
164440643,3129509,I,2409
164440643,3149200,I,2414
164440643,3149804,I,2411
164440643,3153004,I,2412
164440643,3168101,I,2413
164440645,3104007,I,2261
164440645,3111507,I,2256
164440645,3129509,I,2255
164440645,3149200,I,2260
164440645,3149804,I,2257
164440645,3153004,I,2258
164440645,3168101,I,2259
164440745,3104007,I,2730
164440745,3111507,I,2725
164440745,3129509,I,2724
164440745,3149200,I,2729
164440745,3149804,I,2726
164440745,3153004,I,2727
164440745,3168101,I,2728
164440843,3104007,I,2702
164440843,3111507,I,2697
164440843,3129509,I,2696
164440843,3149200,I,2701
164440843,3149804,I,2698
164440843,3153004,I,2699
164440843,3168101,I,2700
164440845,3104007,I,2821
164440845,3111507,I,2816
164440845,3129509,I,2815
164440845,3149200,I,2820
164440845,3149804,I,2817
164440845,3153004,I,2818
164440845,3168101,I,2819
164440945,3104007,I,2947
164440945,3111507,I,2942
164440945,3129509,I,2941
164440945,3149200,I,2946
164440945,3149804,I,2943
164440945,3153004,I,2944
164440945,3168101,I,2945
164441045,3104007,I,2464
164441045,3111507,I,2459
164441045,3129509,I,2458
164441045,3149200,I,2463
164441045,3149804,I,2460
164441045,3153004,I,2461
164441045,3168101,I,2462
164441145,3104007,I,2387
164441145,3111507,I,2382
164441145,3129509,I,2381
164441145,3149200,I,2386
164441145,3149804,I,2383
164441145,3153004,I,2384
164441145,3168101,I,2385
164441243,3104007,I,2366
164441243,3111507,I,2361
164441243,3129509,I,2360
164441243,3149200,I,2365
164441243,3149804,I,2362
164441243,3153004,I,2363
164441243,3168101,I,2364
164441245,3104007,I,2457
164441245,3111507,I,2452
164441245,3129509,I,2451
164441245,3149200,I,2456
164441245,3149804,I,2453
164441245,3153004,I,2454
164441245,3168101,I,2455
1644510L6,3104007,I,2429
1644510L6,3111507,I,2424
1644510L6,3129509,I,2423
1644510L6,3149200,I,2428
1644510L6,3149804,I,2425
1644510L6,3153004,I,2426
1644510L6,3168101,I,2427
1644510L7,3104007,I,2590
1644510L7,3111507,I,2585
1644510L7,3129509,I,2584
1644510L7,3149200,I,2589
1644510L7,3149804,I,2586
1644510L7,3153004,I,2587
1644510L7,3168101,I,2588
1644512L7,3104007,I,2884
1644512L7,3111507,I,2879
1644512L7,3129509,I,2878
1644512L7,3149200,I,2883
1644512L7,3149804,I,2880
1644512L7,3153004,I,2881
1644512L7,3168101,I,2882
16475011,3106200,I,6
16475011,3170107,I,4
16475011,3170206,I,5
16475019,3106200,I,9
16475019,3170107,I,7
16475019,3170206,I,8
1647501A,3106200,I,12
1647501A,3170107,I,10
1647501A,3170206,I,11
1647501A1,3106200,I,15
1647501A1,3170107,I,13
1647501A1,3170206,I,14
1647501AA,3106200,I,18
1647501AA,3170107,I,16
1647501AA,3170206,I,17
1647501B,3106200,I,21
1647501B,3170107,I,19
1647501B,3170206,I,20
1647501BB,3106200,I,24
1647501BB,3170107,I,22
1647501BB,3170206,I,23
1647501C,3106200,I,27
1647501C,3170107,I,25
1647501C,3170206,I,26
1647501CC,3106200,I,30
1647501CC,3170206,I,29
1647501CC,3170107,I,28
1647501D,3106200,I,33
1647501D,3170206,I,32
1647501D,3170107,I,31
1647501DD,3106200,I,36
1647501DD,3170107,I,34
1647501DD,3170206,I,35
1647501E,3106200,I,39
1647501E,3170107,I,37
1647501E,3170206,I,38
1647501E1,3106200,I,42
1647501E1,3170107,I,40
1647501E1,3170206,I,41
1647501EE,3106200,I,45
1647501EE,3170107,I,43
1647501EE,3170206,I,44
1647501F,3106200,I,48
1647501F,3170107,I,46
1647501F,3170206,I,47
1647501FF,3106200,I,51
1647501FF,3170107,I,49
1647501FF,3170206,I,50
1647501G,3106200,I,54
1647501G,3170107,I,52
1647501G,3170206,I,53
1647501GG,3106200,I,57
1647501GG,3170206,I,56
1647501GG,3170107,I,55
1647501H,3106200,I,60
1647501H,3170107,I,58
1647501H,3170206,I,59
1647501HH,3106200,I,63
1647501HH,3170107,I,61
1647501HH,3170206,I,62
1647501I,3106200,I,66
1647501I,3170107,I,64
1647501I,3170206,I,65
1647501J,3106200,I,69
1647501J,3170107,I,67
1647501J,3170206,I,68
1647501K,3106200,I,72
1647501K,3170107,I,70
1647501K,3170206,I,71
1647501K1,3106200,I,75
1647501K1,3170107,I,73
1647501K1,3170206,I,74
1647501KA,3106200,I,78
1647501KA,3170107,I,76
1647501KA,3170206,I,77
1647501KB,3106200,I,81
1647501KB,3170107,I,79
1647501KB,3170206,I,80
1647501KC,3106200,I,84
1647501KC,3170107,I,82
1647501KC,3170206,I,83
1647501KD,3106200,I,87
1647501KD,3170206,I,86
1647501KD,3170107,I,85
1647501KF,3106200,I,90
1647501KF,3170107,I,88
1647501KF,3170206,I,89
1647501KG,3106200,I,93
1647501KG,3170107,I,91
1647501KG,3170206,I,92
1647501KH,3106200,I,96
1647501KH,3170107,I,94
1647501KH,3170206,I,95
1647501KI,3106200,I,99
1647501KI,3170206,I,98
1647501KI,3170107,I,97
1647501KJ,3106200,I,102
1647501KJ,3170206,I,101
1647501KJ,3170107,I,100
1647501L,3106200,I,105
1647501L,3170206,I,104
1647501L,3170107,I,103
1647501L1,3106200,I,108
1647501L1,3170107,I,106
1647501L1,3170206,I,107
1647501LB,3106200,I,111
1647501LB,3170206,I,110
1647501LB,3170107,I,109
1647501LC,3106200,I,114
1647501LC,3170107,I,112
1647501LC,3170206,I,113
1647501LD,3106200,I,117
1647501LD,3170107,I,115
1647501LD,3170206,I,116
1647501LE,3106200,I,120
1647501LE,3170107,I,118
1647501LE,3170206,I,119
1647501LF,3106200,I,123
1647501LF,3170107,I,121
1647501LF,3170206,I,122
1647501LG,3106200,I,126
1647501LG,3170107,I,124
1647501LG,3170206,I,125
1647501LH,3106200,I,129
1647501LH,3170107,I,127
1647501LH,3170206,I,128
1647501LI,3106200,I,132
1647501LI,3170107,I,130
1647501LI,3170206,I,131
1647501LJ,3106200,I,135
1647501LJ,3170107,I,133
1647501LJ,3170206,I,134
1647501LK,3106200,I,138
1647501LK,3170107,I,136
1647501LK,3170206,I,137
1647501M,3106200,I,141
1647501M,3170107,I,139
1647501M,3170206,I,140
1647501MA,3106200,I,144
1647501MA,3170107,I,142
1647501MA,3170206,I,143
1647501N,3106200,I,147
1647501N,3170107,I,145
1647501N,3170206,I,146
1647501O,3106200,I,150
1647501O,3170107,I,148
1647501O,3170206,I,149
1647501P,3106200,I,153
1647501P,3170107,I,151
1647501P,3170206,I,152
1647501Q,3106200,I,156
1647501Q,3170206,I,155
1647501Q,3170107,I,154
1647501QA,3106200,I,159
1647501QA,3170107,I,157
1647501QA,3170206,I,158
1647501R,3106200,I,162
1647501R,3170107,I,160
1647501R,3170206,I,161
1647501T,3106200,I,165
1647501T,3170107,I,163
1647501T,3170206,I,164
1647501U,3106200,I,168
1647501U,3170107,I,166
1647501U,3170206,I,167
16475021,3106200,I,171
16475021,3170107,I,169
16475021,3170206,I,170
16475029,3106200,I,174
16475029,3170107,I,172
16475029,3170206,I,173
1647502A,3106200,I,177
1647502A,3170107,I,175
1647502A,3170206,I,176
1647502A1,3106200,I,180
1647502A1,3170107,I,178
1647502A1,3170206,I,179
1647502AA,3106200,I,183
1647502AA,3170107,I,181
1647502AA,3170206,I,182
1647502B,3106200,I,186
1647502B,3170107,I,184
1647502B,3170206,I,185
1647502BB,3106200,I,189
1647502BB,3170107,I,187
1647502BB,3170206,I,188
1647502C,3106200,I,192
1647502C,3170107,I,190
1647502C,3170206,I,191
1647502CC,3106200,I,195
1647502CC,3170107,I,193
1647502CC,3170206,I,194
1647502D,3106200,I,198
1647502D,3170107,I,196
1647502D,3170206,I,197
1647502DD,3106200,I,201
1647502DD,3170206,I,200
1647502DD,3170107,I,199
1647502E,3106200,I,204
1647502E,3170107,I,202
1647502E,3170206,I,203
1647502E1,3106200,I,207
1647502E1,3170107,I,205
1647502E1,3170206,I,206
1647502EE,3106200,I,210
1647502EE,3170107,I,208
1647502EE,3170206,I,209
1647502F,3106200,I,213
1647502F,3170107,I,211
1647502F,3170206,I,212
1647502FF,3106200,I,216
1647502FF,3170107,I,214
1647502FF,3170206,I,215
1647502G,3106200,I,219
1647502G,3170206,I,218
1647502G,3170107,I,217
1647502GG,3106200,I,222
1647502GG,3170206,I,221
1647502GG,3170107,I,220
1647502H,3106200,I,225
1647502H,3170107,I,223
1647502H,3170206,I,224
1647502HH,3106200,I,228
1647502HH,3170206,I,227
1647502HH,3170107,I,226
1647502I,3106200,I,231
1647502I,3170107,I,229
1647502I,3170206,I,230
1647502J,3106200,I,234
1647502J,3170206,I,233
1647502J,3170107,I,232
1647502K,3106200,I,237
1647502K,3170107,I,235
1647502K,3170206,I,236
1647502K1,3106200,I,240
1647502K1,3170107,I,238
1647502K1,3170206,I,239
1647502KA,3106200,I,243
1647502KA,3170107,I,241
1647502KA,3170206,I,242
1647502KB,3106200,I,246
1647502KB,3170107,I,244
1647502KB,3170206,I,245
1647502KC,3106200,I,249
1647502KC,3170107,I,247
1647502KC,3170206,I,248
1647502KD,3106200,I,252
1647502KD,3170107,I,250
1647502KD,3170206,I,251
1647502KF,3106200,I,255
1647502KF,3170107,I,253
1647502KF,3170206,I,254
1647502KG,3106200,I,258
1647502KG,3170107,I,256
1647502KG,3170206,I,257
1647502KH,3106200,I,261
1647502KH,3170107,I,259
1647502KH,3170206,I,260
1647502KI,3106200,I,264
1647502KI,3170107,I,262
1647502KI,3170206,I,263
1647502KJ,3106200,I,267
1647502KJ,3170107,I,265
1647502KJ,3170206,I,266
1647502L,3106200,I,270
1647502L,3170107,I,268
1647502L,3170206,I,269
1647502L1,3106200,I,273
1647502L1,3170107,I,271
1647502L1,3170206,I,272
1647502LB,3106200,I,276
1647502LB,3170107,I,274
1647502LB,3170206,I,275
1647502LC,3106200,I,279
1647502LC,3170206,I,278
1647502LC,3170107,I,277
1647502LD,3106200,I,282
1647502LD,3170107,I,280
1647502LD,3170206,I,281
1647502LE,3106200,I,285
1647502LE,3170107,I,283
1647502LE,3170206,I,284
1647502LF,3106200,I,288
1647502LF,3170107,I,286
1647502LF,3170206,I,287
1647502LG,3106200,I,291
1647502LG,3170107,I,289
1647502LG,3170206,I,290
1647502LH,3106200,I,294
1647502LH,3170107,I,292
1647502LH,3170206,I,293
1647502LI,3106200,I,297
1647502LI,3170107,I,295
1647502LI,3170206,I,296
1647502LJ,3106200,I,300
1647502LJ,3170206,I,299
1647502LJ,3170107,I,298
1647502M,3106200,I,303
1647502M,3170107,I,301
1647502M,3170206,I,302
1647502MA,3106200,I,306
1647502MA,3170107,I,304
1647502MA,3170206,I,305
1647502N,3106200,I,309
1647502N,3170107,I,307
1647502N,3170206,I,308
1647502O,3106200,I,312
1647502O,3170107,I,310
1647502O,3170206,I,311
1647502P,3106200,I,315
1647502P,3170206,I,314
1647502P,3170107,I,313
1647502Q,3106200,I,318
1647502Q,3170107,I,316
1647502Q,3170206,I,317
1647502QA,3106200,I,321
1647502QA,3170107,I,319
1647502QA,3170206,I,320
1647502R,3106200,I,324
1647502R,3170107,I,322
1647502R,3170206,I,323
1647502T,3106200,I,327
1647502T,3170107,I,325
1647502T,3170206,I,326
1647502U,3106200,I,330
1647502U,3170107,I,328
1647502U,3170206,I,329
16475031,3106200,I,333
16475031,3170107,I,331
16475031,3170206,I,332
16475039,3106200,I,336
16475039,3170107,I,334
16475039,3170206,I,335
1647503A,3106200,I,339
1647503A,3170107,I,337
1647503A,3170206,I,338
1647503A1,3106200,I,342
1647503A1,3170107,I,340
1647503A1,3170206,I,341
1647503AA,3106200,I,345
1647503AA,3170206,I,344
1647503AA,3170107,I,343
1647503B,3106200,I,348
1647503B,3170206,I,347
1647503B,3170107,I,346
1647503BB,3106200,I,351
1647503BB,3170107,I,349
1647503BB,3170206,I,350
1647503C,3106200,I,354
1647503C,3170107,I,352
1647503C,3170206,I,353
1647503CC,3106200,I,357
1647503CC,3170206,I,356
1647503CC,3170107,I,355
1647503D,3106200,I,360
1647503D,3170107,I,358
1647503D,3170206,I,359
1647503DD,3106200,I,363
1647503DD,3170107,I,361
1647503DD,3170206,I,362
1647503E,3106200,I,366
1647503E,3170206,I,365
1647503E,3170107,I,364
1647503E1,3106200,I,369
1647503E1,3170107,I,367
1647503E1,3170206,I,368
1647503EE,3106200,I,372
1647503EE,3170107,I,370
1647503EE,3170206,I,371
1647503F,3106200,I,375
1647503F,3170107,I,373
1647503F,3170206,I,374
1647503FF,3106200,I,378
1647503FF,3170107,I,376
1647503FF,3170206,I,377
1647503G,3106200,I,381
1647503G,3170107,I,379
1647503G,3170206,I,380
1647503GG,3104007,I,3059
1647503GG,3106200,I,384
1647503GG,3111507,I,3061
1647503GG,3129509,I,3060
1647503GG,3149804,I,3062
1647503GG,3170107,I,382
1647503GG,3170206,I,383
1647503H,3106200,I,387
1647503H,3170107,I,385
1647503H,3170206,I,386
1647503HH,3106200,I,390
1647503HH,3170107,I,388
1647503HH,3170206,I,389
1647503I,3106200,I,393
1647503I,3170107,I,391
1647503I,3170206,I,392
1647503J,3106200,I,396
1647503J,3170206,I,395
1647503J,3170107,I,394
1647503K,3106200,I,399
1647503K,3170107,I,397
1647503K,3170206,I,398
1647503K1,3106200,I,402
1647503K1,3170107,I,400
1647503K1,3170206,I,401
1647503KA,3106200,I,405
1647503KA,3170107,I,403
1647503KA,3170206,I,404
1647503KB,3106200,I,408
1647503KB,3170107,I,406
1647503KB,3170206,I,407
1647503KC,3106200,I,411
1647503KC,3170107,I,409
1647503KC,3170206,I,410
1647503KD,3106200,I,414
1647503KD,3170107,I,412
1647503KD,3170206,I,413
1647503KF,3106200,I,417
1647503KF,3170107,I,415
1647503KF,3170206,I,416
1647503KG,3106200,I,420
1647503KG,3170107,I,418
1647503KG,3170206,I,419
1647503KH,3106200,I,423
1647503KH,3170107,I,421
1647503KH,3170206,I,422
1647503KI,3106200,I,426
1647503KI,3170107,I,424
1647503KI,3170206,I,425
1647503KJ,3106200,I,429
1647503KJ,3170107,I,427
1647503KJ,3170206,I,428
1647503L,3106200,I,432
1647503L,3170107,I,430
1647503L,3170206,I,431
1647503L1,3106200,I,435
1647503L1,3170107,I,433
1647503L1,3170206,I,434
1647503LB,3106200,I,438
1647503LB,3170107,I,436
1647503LB,3170206,I,437
1647503LC,3106200,I,441
1647503LC,3170107,I,439
1647503LC,3170206,I,440
1647503LD,3106200,I,444
1647503LD,3170206,I,443
1647503LD,3170107,I,442
1647503LE,3106200,I,447
1647503LE,3170107,I,445
1647503LE,3170206,I,446
1647503LF,3106200,I,450
1647503LF,3170107,I,448
1647503LF,3170206,I,449
1647503LG,3106200,I,453
1647503LG,3170107,I,451
1647503LG,3170206,I,452
1647503LH,3106200,I,456
1647503LH,3170107,I,454
1647503LH,3170206,I,455
1647503LI,3106200,I,459
1647503LI,3170206,I,458
1647503LI,3170107,I,457
1647503LJ,3106200,I,462
1647503LJ,3170206,I,461
1647503LJ,3170107,I,460
1647503LK,3106200,I,465
1647503LK,3170107,I,463
1647503LK,3170206,I,464
1647503M,3106200,I,468
1647503M,3170107,I,466
1647503M,3170206,I,467
1647503MA,3106200,I,471
1647503MA,3170107,I,469
1647503MA,3170206,I,470
1647503N,3106200,I,474
1647503N,3170107,I,472
1647503N,3170206,I,473
1647503O,3106200,I,477
1647503O,3170107,I,475
1647503O,3170206,I,476
1647503P,3106200,I,480
1647503P,3170107,I,478
1647503P,3170206,I,479
1647503Q,3106200,I,483
1647503Q,3170107,I,481
1647503Q,3170206,I,482
1647503QA,3106200,I,486
1647503QA,3170107,I,484
1647503QA,3170206,I,485
1647503R,3106200,I,489
1647503R,3170107,I,487
1647503R,3170206,I,488
1647503T,3106200,I,492
1647503T,3170107,I,490
1647503T,3170206,I,491
1647503U,3106200,I,495
1647503U,3170107,I,493
1647503U,3170206,I,494
16475041,3106200,I,498
16475041,3170107,I,496
16475041,3170206,I,497
16475049,3106200,I,501
16475049,3170107,I,499
16475049,3170206,I,500
1647504A,3106200,I,504
1647504A,3170107,I,502
1647504A,3170206,I,503
1647504A1,3106200,I,507
1647504A1,3170107,I,505
1647504A1,3170206,I,506
1647504AA,3106200,I,510
1647504AA,3170107,I,508
1647504AA,3170206,I,509
1647504B,3106200,I,513
1647504B,3170107,I,511
1647504B,3170206,I,512
1647504BB,3106200,I,516
1647504BB,3170107,I,514
1647504BB,3170206,I,515
1647504C,3106200,I,519
1647504C,3170107,I,517
1647504C,3170206,I,518
1647504CC,3106200,I,522
1647504CC,3170107,I,520
1647504CC,3170206,I,521
1647504D,3106200,I,525
1647504D,3170107,I,523
1647504D,3170206,I,524
1647504DD,3106200,I,528
1647504DD,3170107,I,526
1647504DD,3170206,I,527
1647504E,3106200,I,531
1647504E,3170107,I,529
1647504E,3170206,I,530
1647504E1,3106200,I,534
1647504E1,3170107,I,532
1647504E1,3170206,I,533
1647504EE,3106200,I,537
1647504EE,3170107,I,535
1647504EE,3170206,I,536
1647504F,3106200,I,540
1647504F,3170107,I,538
1647504F,3170206,I,539
1647504FF,3106200,I,543
1647504FF,3170107,I,541
1647504FF,3170206,I,542
1647504G,3106200,I,546
1647504G,3170107,I,544
1647504G,3170206,I,545
1647504GG,3106200,I,549
1647504GG,3170107,I,547
1647504GG,3170206,I,548
1647504H,3106200,I,552
1647504H,3170107,I,550
1647504H,3170206,I,551
1647504HH,3106200,I,555
1647504HH,3170107,I,553
1647504HH,3170206,I,554
1647504I,3106200,I,558
1647504I,3170107,I,556
1647504I,3170206,I,557
1647504J,3106200,I,561
1647504J,3170107,I,559
1647504J,3170206,I,560
1647504K,3106200,I,564
1647504K,3170107,I,562
1647504K,3170206,I,563
1647504K1,3106200,I,567
1647504K1,3170206,I,566
1647504K1,3170107,I,565
1647504KA,3106200,I,570
1647504KA,3170107,I,568
1647504KA,3170206,I,569
1647504KB,3106200,I,573
1647504KB,3170107,I,571
1647504KB,3170206,I,572
1647504KC,3106200,I,576
1647504KC,3170107,I,574
1647504KC,3170206,I,575
1647504KD,3106200,I,579
1647504KD,3170107,I,577
1647504KD,3170206,I,578
1647504KF,3106200,I,582
1647504KF,3170107,I,580
1647504KF,3170206,I,581
1647504KG,3106200,I,585
1647504KG,3170107,I,583
1647504KG,3170206,I,584
1647504KH,3106200,I,588
1647504KH,3170107,I,586
1647504KH,3170206,I,587
1647504KI,3106200,I,591
1647504KI,3170206,I,590
1647504KI,3170107,I,589
1647504KJ,3106200,I,594
1647504KJ,3170107,I,592
1647504KJ,3170206,I,593
1647504L,3106200,I,597
1647504L,3170107,I,595
1647504L,3170206,I,596
1647504L1,3106200,I,600
1647504L1,3170107,I,598
1647504L1,3170206,I,599
1647504LB,3106200,I,603
1647504LB,3170206,I,602
1647504LB,3170107,I,601
1647504LC,3106200,I,606
1647504LC,3170206,I,605
1647504LC,3170107,I,604
1647504LD,3106200,I,609
1647504LD,3170107,I,607
1647504LD,3170206,I,608
1647504LE,3106200,I,612
1647504LE,3170206,I,611
1647504LE,3170107,I,610
1647504LF,3106200,I,615
1647504LF,3170107,I,613
1647504LF,3170206,I,614
1647504LG,3106200,I,618
1647504LG,3170107,I,616
1647504LG,3170206,I,617
1647504LH,3106200,I,621
1647504LH,3170107,I,619
1647504LH,3170206,I,620
1647504LI,3106200,I,624
1647504LI,3170107,I,622
1647504LI,3170206,I,623
1647504LJ,3106200,I,627
1647504LJ,3170107,I,625
1647504LJ,3170206,I,626
1647504M,3106200,I,630
1647504M,3170107,I,628
1647504M,3170206,I,629
1647504MA,3106200,I,633
1647504MA,3170107,I,631
1647504MA,3170206,I,632
1647504N,3106200,I,636
1647504N,3170107,I,634
1647504N,3170206,I,635
1647504O,3106200,I,639
1647504O,3170107,I,637
1647504O,3170206,I,638
1647504P,3106200,I,642
1647504P,3170107,I,640
1647504P,3170206,I,641
1647504Q,3106200,I,645
1647504Q,3170206,I,644
1647504Q,3170107,I,643
1647504QA,3106200,I,648
1647504QA,3170107,I,646
1647504QA,3170206,I,647
1647504R,3106200,I,651
1647504R,3170107,I,649
1647504R,3170206,I,650
1647504T,3106200,I,654
1647504T,3170107,I,652
1647504T,3170206,I,653
1647504U,3106200,I,657
1647504U,3170107,I,655
1647504U,3170206,I,656
16475051,3106200,I,660
16475051,3170107,I,658
16475051,3170206,I,659
16475059,3106200,I,663
16475059,3170107,I,661
16475059,3170206,I,662
1647505A,3106200,I,666
1647505A,3170107,I,664
1647505A,3170206,I,665
1647505A1,3106200,I,669
1647505A1,3170107,I,667
1647505A1,3170206,I,668
1647505AA,3106200,I,672
1647505AA,3170107,I,670
1647505AA,3170206,I,671
1647505B,3106200,I,675
1647505B,3170107,I,673
1647505B,3170206,I,674
1647505BB,3106200,I,678
1647505BB,3170107,I,676
1647505BB,3170206,I,677
1647505C,3106200,I,681
1647505C,3170107,I,679
1647505C,3170206,I,680
1647505CC,3106200,I,684
1647505CC,3170107,I,682
1647505CC,3170206,I,683
1647505D,3106200,I,687
1647505D,3170107,I,685
1647505D,3170206,I,686
1647505DD,3106200,I,690
1647505DD,3170107,I,688
1647505DD,3170206,I,689
1647505E,3106200,I,693
1647505E,3170206,I,692
1647505E,3170107,I,691
1647505E1,3106200,I,696
1647505E1,3170107,I,694
1647505E1,3170206,I,695
1647505EE,3106200,I,699
1647505EE,3170206,I,698
1647505EE,3170107,I,697
1647505F,3106200,I,702
1647505F,3170107,I,700
1647505F,3170206,I,701
1647505FF,3106200,I,705
1647505FF,3170107,I,703
1647505FF,3170206,I,704
1647505G,3106200,I,708
1647505G,3170107,I,706
1647505G,3170206,I,707
1647505GG,3106200,I,711
1647505GG,3170107,I,709
1647505GG,3170206,I,710
1647505H,3106200,I,714
1647505H,3170107,I,712
1647505H,3170206,I,713
1647505HH,3106200,I,717
1647505HH,3170107,I,715
1647505HH,3170206,I,716
1647505I,3106200,I,720
1647505I,3170107,I,718
1647505I,3170206,I,719
1647505J,3106200,I,723
1647505J,3170107,I,721
1647505J,3170206,I,722
1647505K,3106200,I,726
1647505K,3170107,I,724
1647505K,3170206,I,725
1647505K1,3106200,I,729
1647505K1,3170107,I,727
1647505K1,3170206,I,728
1647505KA,3106200,I,732
1647505KA,3170107,I,730
1647505KA,3170206,I,731
1647505KB,3106200,I,735
1647505KB,3170107,I,733
1647505KB,3170206,I,734
1647505KC,3106200,I,738
1647505KC,3170206,I,737
1647505KC,3170107,I,736
1647505KD,3106200,I,741
1647505KD,3170206,I,740
1647505KD,3170107,I,739
1647505KF,3106200,I,744
1647505KF,3170206,I,743
1647505KF,3170107,I,742
1647505KG,3106200,I,747
1647505KG,3170107,I,745
1647505KG,3170206,I,746
1647505KH,3106200,I,750
1647505KH,3170107,I,748
1647505KH,3170206,I,749
1647505KI,3106200,I,753
1647505KI,3170107,I,751
1647505KI,3170206,I,752
1647505KJ,3106200,I,756
1647505KJ,3170107,I,754
1647505KJ,3170206,I,755
1647505L,3106200,I,759
1647505L,3170206,I,758
1647505L,3170107,I,757
1647505L1,3106200,I,762
1647505L1,3170107,I,760
1647505L1,3170206,I,761
1647505LB,3106200,I,765
1647505LB,3170107,I,763
1647505LB,3170206,I,764
1647505LC,3106200,I,768
1647505LC,3170107,I,766
1647505LC,3170206,I,767
1647505LD,3106200,I,771
1647505LD,3170206,I,770
1647505LD,3170107,I,769
1647505LE,3106200,I,774
1647505LE,3170107,I,772
1647505LE,3170206,I,773
1647505LF,3106200,I,777
1647505LF,3170107,I,775
1647505LF,3170206,I,776
1647505LG,3106200,I,780
1647505LG,3170107,I,778
1647505LG,3170206,I,779
1647505LH,3106200,I,783
1647505LH,3170107,I,781
1647505LH,3170206,I,782
1647505LI,3106200,I,786
1647505LI,3170107,I,784
1647505LI,3170206,I,785
1647505LJ,3106200,I,789
1647505LJ,3170107,I,787
1647505LJ,3170206,I,788
1647505M,3106200,I,792
1647505M,3170107,I,790
1647505M,3170206,I,791
1647505MA,3106200,I,795
1647505MA,3170107,I,793
1647505MA,3170206,I,794
1647505N,3106200,I,798
1647505N,3170107,I,796
1647505N,3170206,I,797
1647505O,3106200,I,801
1647505O,3170107,I,799
1647505O,3170206,I,800
1647505P,3106200,I,804
1647505P,3170107,I,802
1647505P,3170206,I,803
1647505Q,3106200,I,807
1647505Q,3170107,I,805
1647505Q,3170206,I,806
1647505QA,3106200,I,810
1647505QA,3170107,I,808
1647505QA,3170206,I,809
1647505R,3106200,I,813
1647505R,3170107,I,811
1647505R,3170206,I,812
1647505T,3106200,I,816
1647505T,3170206,I,815
1647505T,3170107,I,814
1647505U,3106200,I,819
1647505U,3170107,I,817
1647505U,3170206,I,818
16475061,3106200,I,822
16475061,3170107,I,820
16475061,3170206,I,821
16475069,3106200,I,825
16475069,3170107,I,823
16475069,3170206,I,824
1647506A,3106200,I,828
1647506A,3170107,I,826
1647506A,3170206,I,827
1647506A1,3106200,I,831
1647506A1,3170107,I,829
1647506A1,3170206,I,830
1647506AA,3106200,I,834
1647506AA,3170206,I,833
1647506AA,3170107,I,832
1647506B,3106200,I,837
1647506B,3170107,I,835
1647506B,3170206,I,836
1647506BB,3106200,I,840
1647506BB,3170206,I,839
1647506BB,3170107,I,838
1647506C,3106200,I,843
1647506C,3170107,I,841
1647506C,3170206,I,842
1647506CC,3106200,I,846
1647506CC,3170107,I,844
1647506CC,3170206,I,845
1647506D,3106200,I,849
1647506D,3170107,I,847
1647506D,3170206,I,848
1647506DD,3106200,I,852
1647506DD,3170107,I,850
1647506DD,3170206,I,851
1647506E,3106200,I,855
1647506E,3170206,I,854
1647506E,3170107,I,853
1647506E1,3106200,I,858
1647506E1,3170107,I,856
1647506E1,3170206,I,857
1647506EE,3106200,I,861
1647506EE,3170107,I,859
1647506EE,3170206,I,860
1647506F,3106200,I,864
1647506F,3170107,I,862
1647506F,3170206,I,863
1647506FF,3106200,I,867
1647506FF,3170107,I,865
1647506FF,3170206,I,866
1647506G,3106200,I,870
1647506G,3170206,I,869
1647506G,3170107,I,868
1647506GG,3106200,I,873
1647506GG,3170107,I,871
1647506GG,3170206,I,872
1647506H,3106200,I,876
1647506H,3170107,I,874
1647506H,3170206,I,875
1647506HH,3106200,I,879
1647506HH,3170107,I,877
1647506HH,3170206,I,878
1647506I,3106200,I,882
1647506I,3170107,I,880
1647506I,3170206,I,881
1647506J,3106200,I,885
1647506J,3170107,I,883
1647506J,3170206,I,884
1647506K,3106200,I,888
1647506K,3170107,I,886
1647506K,3170206,I,887
1647506K1,3106200,I,891
1647506K1,3170206,I,890
1647506K1,3170107,I,889
1647506KA,3106200,I,894
1647506KA,3170107,I,892
1647506KA,3170206,I,893
1647506KB,3106200,I,897
1647506KB,3170107,I,895
1647506KB,3170206,I,896
1647506KC,3106200,I,900
1647506KC,3170107,I,898
1647506KC,3170206,I,899
1647506KD,3106200,I,903
1647506KD,3170107,I,901
1647506KD,3170206,I,902
1647506KF,3106200,I,906
1647506KF,3170107,I,904
1647506KF,3170206,I,905
1647506KG,3106200,I,909
1647506KG,3170206,I,908
1647506KG,3170107,I,907
1647506KH,3106200,I,912
1647506KH,3170107,I,910
1647506KH,3170206,I,911
1647506KI,3106200,I,915
1647506KI,3170107,I,913
1647506KI,3170206,I,914
1647506KJ,3106200,I,918
1647506KJ,3170107,I,916
1647506KJ,3170206,I,917
1647506L,3106200,I,921
1647506L,3170107,I,919
1647506L,3170206,I,920
1647506L1,3106200,I,924
1647506L1,3170107,I,922
1647506L1,3170206,I,923
1647506LB,3106200,I,927
1647506LB,3170107,I,925
1647506LB,3170206,I,926
1647506LC,3106200,I,930
1647506LC,3170107,I,928
1647506LC,3170206,I,929
1647506LD,3106200,I,933
1647506LD,3170107,I,931
1647506LD,3170206,I,932
1647506LE,3106200,I,936
1647506LE,3170107,I,934
1647506LE,3170206,I,935
1647506LF,3106200,I,939
1647506LF,3170206,I,938
1647506LF,3170107,I,937
1647506LG,3106200,I,942
1647506LG,3170107,I,940
1647506LG,3170206,I,941
1647506LH,3106200,I,945
1647506LH,3170107,I,943
1647506LH,3170206,I,944
1647506LI,3106200,I,948
1647506LI,3170107,I,946
1647506LI,3170206,I,947
1647506LJ,3106200,I,951
1647506LJ,3170107,I,949
1647506LJ,3170206,I,950
1647506M,3106200,I,954
1647506M,3170107,I,952
1647506M,3170206,I,953
1647506MA,3106200,I,957
1647506MA,3170107,I,955
1647506MA,3170206,I,956
1647506N,3106200,I,960
1647506N,3170107,I,958
1647506N,3170206,I,959
1647506O,3106200,I,963
1647506O,3170107,I,961
1647506O,3170206,I,962
1647506P,3106200,I,966
1647506P,3170107,I,964
1647506P,3170206,I,965
1647506Q,3106200,I,969
1647506Q,3170107,I,967
1647506Q,3170206,I,968
1647506QA,3106200,I,972
1647506QA,3170107,I,970
1647506QA,3170206,I,971
1647506R,3106200,I,975
1647506R,3170107,I,973
1647506R,3170206,I,974
1647506T,3106200,I,978
1647506T,3170107,I,976
1647506T,3170206,I,977
1647506U,3106200,I,981
1647506U,3170107,I,979
1647506U,3170206,I,980
16475071,3106200,I,984
16475071,3170206,I,983
16475071,3170107,I,982
164750711,3106200,I,987
164750711,3170107,I,985
164750711,3170206,I,986
16475079,3106200,I,990
16475079,3170107,I,988
16475079,3170206,I,989
1647507A,3106200,I,993
1647507A,3170107,I,991
1647507A,3170206,I,992
1647507A1,3106200,I,996
1647507A1,3170107,I,994
1647507A1,3170206,I,995
1647507AA,3106200,I,999
1647507AA,3170107,I,997
1647507AA,3170206,I,998
1647507B,3106200,I,1002
1647507B,3170107,I,1000
1647507B,3170206,I,1001
1647507BB,3106200,I,1005
1647507BB,3170107,I,1003
1647507BB,3170206,I,1004
1647507C,3106200,I,1008
1647507C,3170107,I,1006
1647507C,3170206,I,1007
1647507CC,3106200,I,1011
1647507CC,3170107,I,1009
1647507CC,3170206,I,1010
1647507D,3106200,I,1014
1647507D,3170206,I,1013
1647507D,3170107,I,1012
1647507DD,3106200,I,1017
1647507DD,3170107,I,1015
1647507DD,3170206,I,1016
1647507E,3106200,I,1020
1647507E,3170107,I,1018
1647507E,3170206,I,1019
1647507E1,3106200,I,1023
1647507E1,3170107,I,1021
1647507E1,3170206,I,1022
1647507E2,3106200,I,1026
1647507E2,3170107,I,1024
1647507E2,3170206,I,1025
1647507EE,3106200,I,1029
1647507EE,3170107,I,1027
1647507EE,3170206,I,1028
1647507F,3106200,I,1032
1647507F,3170107,I,1030
1647507F,3170206,I,1031
1647507FF,3106200,I,1035
1647507FF,3170107,I,1033
1647507FF,3170206,I,1034
1647507G,3106200,I,1038
1647507G,3170107,I,1036
1647507G,3170206,I,1037
1647507GG,3106200,I,1041
1647507GG,3170107,I,1039
1647507GG,3170206,I,1040
1647507H,3106200,I,1044
1647507H,3170107,I,1042
1647507H,3170206,I,1043
1647507HH,3106200,I,1047
1647507HH,3170107,I,1045
1647507HH,3170206,I,1046
1647507I,3106200,I,1050
1647507I,3170206,I,1049
1647507I,3170107,I,1048
1647507I1,3106200,I,1053
1647507I1,3170107,I,1051
1647507I1,3170206,I,1052
1647507J,3106200,I,1056
1647507J,3170107,I,1054
1647507J,3170206,I,1055
1647507J1,3106200,I,1059
1647507J1,3170206,I,1058
1647507J1,3170107,I,1057
1647507K,3106200,I,1062
1647507K,3170107,I,1060
1647507K,3170206,I,1061
1647507K1,3106200,I,1065
1647507K1,3170107,I,1063
1647507K1,3170206,I,1064
1647507KA,3106200,I,1068
1647507KA,3170107,I,1066
1647507KA,3170206,I,1067
1647507KB,3106200,I,1071
1647507KB,3170107,I,1069
1647507KB,3170206,I,1070
1647507KC,3106200,I,1074
1647507KC,3170107,I,1072
1647507KC,3170206,I,1073
1647507KD,3106200,I,1077
1647507KD,3170107,I,1075
1647507KD,3170206,I,1076
1647507KF,3106200,I,1080
1647507KF,3170107,I,1078
1647507KF,3170206,I,1079
1647507KG,3106200,I,1083
1647507KG,3170206,I,1082
1647507KG,3170107,I,1081
1647507KH,3106200,I,1086
1647507KH,3170107,I,1084
1647507KH,3170206,I,1085
1647507KI,3106200,I,1089
1647507KI,3170206,I,1088
1647507KI,3170107,I,1087
1647507KJ,3106200,I,1092
1647507KJ,3170107,I,1090
1647507KJ,3170206,I,1091
1647507L,3106200,I,1095
1647507L,3170107,I,1093
1647507L,3170206,I,1094
1647507L1,3106200,I,1098
1647507L1,3170107,I,1096
1647507L1,3170206,I,1097
1647507LB,3106200,I,1101
1647507LB,3170107,I,1099
1647507LB,3170206,I,1100
1647507LC,3106200,I,1104
1647507LC,3170107,I,1102
1647507LC,3170206,I,1103
1647507LD,3106200,I,1107
1647507LD,3170107,I,1105
1647507LD,3170206,I,1106
1647507LE,3106200,I,1110
1647507LE,3170107,I,1108
1647507LE,3170206,I,1109
1647507LF,3106200,I,1113
1647507LF,3170107,I,1111
1647507LF,3170206,I,1112
1647507LG,3106200,I,1116
1647507LG,3170107,I,1114
1647507LG,3170206,I,1115
1647507LH,3106200,I,1119
1647507LH,3170107,I,1117
1647507LH,3170206,I,1118
1647507LI,3106200,I,1122
1647507LI,3170107,I,1120
1647507LI,3170206,I,1121
1647507LJ,3106200,I,1125
1647507LJ,3170107,I,1123
1647507LJ,3170206,I,1124
1647507M,3106200,I,1128
1647507M,3170107,I,1126
1647507M,3170206,I,1127
1647507MA,3106200,I,1131
1647507MA,3170206,I,1130
1647507MA,3170107,I,1129
1647507N,3106200,I,1134
1647507N,3170107,I,1132
1647507N,3170206,I,1133
1647507O,3106200,I,1137
1647507O,3170107,I,1135
1647507O,3170206,I,1136
1647507P,3106200,I,1140
1647507P,3170107,I,1138
1647507P,3170206,I,1139
1647507Q,3106200,I,1143
1647507Q,3170107,I,1141
1647507Q,3170206,I,1142
1647507QA,3106200,I,1146
1647507QA,3170206,I,1145
1647507QA,3170107,I,1144
1647507QB,3106200,I,1149
1647507QB,3170107,I,1147
1647507QB,3170206,I,1148
1647507R,3106200,I,1152
1647507R,3170107,I,1150
1647507R,3170206,I,1151
1647507RA,3106200,I,1155
1647507RA,3170107,I,1153
1647507RA,3170206,I,1154
1647507T,3106200,I,1158
1647507T,3170206,I,1157
1647507T,3170107,I,1156
1647507U,3106200,I,1161
1647507U,3170107,I,1159
1647507U,3170206,I,1160
1647507U1,3106200,I,1164
1647507U1,3170107,I,1162
1647507U1,3170206,I,1163
16475081,3106200,I,1167
16475081,3170206,I,1166
16475081,3170107,I,1165
16475089,3106200,I,1170
16475089,3170107,I,1168
16475089,3170206,I,1169
1647508A,3106200,I,1173
1647508A,3170107,I,1171
1647508A,3170206,I,1172
1647508A1,3106200,I,1176
1647508A1,3170107,I,1174
1647508A1,3170206,I,1175
1647508AA,3106200,I,1179
1647508AA,3170107,I,1177
1647508AA,3170206,I,1178
1647508B,3106200,I,1182
1647508B,3170107,I,1180
1647508B,3170206,I,1181
1647508BB,3106200,I,1185
1647508BB,3170107,I,1183
1647508BB,3170206,I,1184
1647508C,3106200,I,1188
1647508C,3170107,I,1186
1647508C,3170206,I,1187
1647508CC,3106200,I,1191
1647508CC,3170107,I,1189
1647508CC,3170206,I,1190
1647508D,3106200,I,1194
1647508D,3170206,I,1193
1647508D,3170107,I,1192
1647508DD,3106200,I,1197
1647508DD,3170107,I,1195
1647508DD,3170206,I,1196
1647508E,3106200,I,1200
1647508E,3170206,I,1199
1647508E,3170107,I,1198
1647508E1,3106200,I,1203
1647508E1,3170107,I,1201
1647508E1,3170206,I,1202
1647508EE,3106200,I,1206
1647508EE,3170107,I,1204
1647508EE,3170206,I,1205
1647508F,3106200,I,1209
1647508F,3170107,I,1207
1647508F,3170206,I,1208
1647508FF,3106200,I,1212
1647508FF,3170206,I,1211
1647508FF,3170107,I,1210
1647508G,3106200,I,1215
1647508G,3170107,I,1213
1647508G,3170206,I,1214
1647508GG,3106200,I,1218
1647508GG,3170107,I,1216
1647508GG,3170206,I,1217
1647508H,3106200,I,1221
1647508H,3170107,I,1219
1647508H,3170206,I,1220
1647508HH,3106200,I,1224
1647508HH,3170107,I,1222
1647508HH,3170206,I,1223
1647508I,3106200,I,1227
1647508I,3170107,I,1225
1647508I,3170206,I,1226
1647508J,3106200,I,1230
1647508J,3170107,I,1228
1647508J,3170206,I,1229
1647508K,3106200,I,1233
1647508K,3170206,I,1232
1647508K,3170107,I,1231
1647508K1,3106200,I,1236
1647508K1,3170107,I,1234
1647508K1,3170206,I,1235
1647508KA,3106200,I,1239
1647508KA,3170107,I,1237
1647508KA,3170206,I,1238
1647508KB,3106200,I,1242
1647508KB,3170206,I,1241
1647508KB,3170107,I,1240
1647508KC,3106200,I,1245
1647508KC,3170107,I,1243
1647508KC,3170206,I,1244
1647508KD,3106200,I,1248
1647508KD,3170107,I,1246
1647508KD,3170206,I,1247
1647508KF,3106200,I,1251
1647508KF,3170107,I,1249
1647508KF,3170206,I,1250
1647508KG,3106200,I,1254
1647508KG,3170107,I,1252
1647508KG,3170206,I,1253
1647508KH,3106200,I,1257
1647508KH,3170107,I,1255
1647508KH,3170206,I,1256
1647508KI,3106200,I,1260
1647508KI,3170107,I,1258
1647508KI,3170206,I,1259
1647508KJ,3106200,I,1263
1647508KJ,3170107,I,1261
1647508KJ,3170206,I,1262
1647508L,3106200,I,1266
1647508L,3170206,I,1265
1647508L,3170107,I,1264
1647508L1,3106200,I,1269
1647508L1,3170107,I,1267
1647508L1,3170206,I,1268
1647508LB,3106200,I,1272
1647508LB,3170107,I,1270
1647508LB,3170206,I,1271
1647508LC,3106200,I,1275
1647508LC,3170107,I,1273
1647508LC,3170206,I,1274
1647508LD,3106200,I,1278
1647508LD,3170107,I,1276
1647508LD,3170206,I,1277
1647508LE,3106200,I,1281
1647508LE,3170107,I,1279
1647508LE,3170206,I,1280
1647508LF,3106200,I,1284
1647508LF,3170107,I,1282
1647508LF,3170206,I,1283
1647508LG,3106200,I,1287
1647508LG,3170107,I,1285
1647508LG,3170206,I,1286
1647508LH,3106200,I,1290
1647508LH,3170107,I,1288
1647508LH,3170206,I,1289
1647508LI,3106200,I,1293
1647508LI,3170206,I,1292
1647508LI,3170107,I,1291
1647508LJ,3106200,I,1296
1647508LJ,3170107,I,1294
1647508LJ,3170206,I,1295
1647508M,3106200,I,1299
1647508M,3170107,I,1297
1647508M,3170206,I,1298
1647508MA,3106200,I,1302
1647508MA,3170107,I,1300
1647508MA,3170206,I,1301
1647508N,3106200,I,1305
1647508N,3170107,I,1303
1647508N,3170206,I,1304
1647508O,3106200,I,1308
1647508O,3170107,I,1306
1647508O,3170206,I,1307
1647508P,3106200,I,1311
1647508P,3170107,I,1309
1647508P,3170206,I,1310
1647508Q,3106200,I,1314
1647508Q,3170107,I,1312
1647508Q,3170206,I,1313
1647508QA,3106200,I,1317
1647508QA,3170107,I,1315
1647508QA,3170206,I,1316
1647508R,3106200,I,1320
1647508R,3170107,I,1318
1647508R,3170206,I,1319
1647508T,3106200,I,1323
1647508T,3170107,I,1321
1647508T,3170206,I,1322
1647508U,3106200,I,1326
1647508U,3170107,I,1324
1647508U,3170206,I,1325
16475091,3106200,I,1329
16475091,3170107,I,1327
16475091,3170206,I,1328
16475099,3106200,I,1332
16475099,3170107,I,1330
16475099,3170206,I,1331
1647509A,3106200,I,1335
1647509A,3170107,I,1333
1647509A,3170206,I,1334
1647509A1,3106200,I,1338
1647509A1,3170107,I,1336
1647509A1,3170206,I,1337
1647509AA,3106200,I,1341
1647509AA,3170107,I,1339
1647509AA,3170206,I,1340
1647509B,3106200,I,1344
1647509B,3170107,I,1342
1647509B,3170206,I,1343
1647509BB,3106200,I,1347
1647509BB,3170107,I,1345
1647509BB,3170206,I,1346
1647509C,3106200,I,1350
1647509C,3170107,I,1348
1647509C,3170206,I,1349
1647509CC,3106200,I,1353
1647509CC,3170107,I,1351
1647509CC,3170206,I,1352
1647509D,3106200,I,1356
1647509D,3170107,I,1354
1647509D,3170206,I,1355
1647509DD,3106200,I,1359
1647509DD,3170107,I,1357
1647509DD,3170206,I,1358
1647509E,3106200,I,1362
1647509E,3170206,I,1361
1647509E,3170107,I,1360
1647509E1,3106200,I,1365
1647509E1,3170107,I,1363
1647509E1,3170206,I,1364
1647509EE,3106200,I,1368
1647509EE,3170206,I,1367
1647509EE,3170107,I,1366
1647509F,3106200,I,1371
1647509F,3170107,I,1369
1647509F,3170206,I,1370
1647509FF,3106200,I,1374
1647509FF,3170107,I,1372
1647509FF,3170206,I,1373
1647509G,3106200,I,1377
1647509G,3170107,I,1375
1647509G,3170206,I,1376
1647509GG,3106200,I,1380
1647509GG,3170107,I,1378
1647509GG,3170206,I,1379
1647509H,3106200,I,1383
1647509H,3170107,I,1381
1647509H,3170206,I,1382
1647509HH,3106200,I,1386
1647509HH,3170206,I,1385
1647509HH,3170107,I,1384
1647509I,3106200,I,1389
1647509I,3170206,I,1388
1647509I,3170107,I,1387
1647509J,3106200,I,1392
1647509J,3170107,I,1390
1647509J,3170206,I,1391
1647509K,3106200,I,1395
1647509K,3170206,I,1394
1647509K,3170107,I,1393
1647509K1,3106200,I,1398
1647509K1,3170107,I,1396
1647509K1,3170206,I,1397
1647509KA,3106200,I,1401
1647509KA,3170107,I,1399
1647509KA,3170206,I,1400
1647509KB,3106200,I,1404
1647509KB,3170107,I,1402
1647509KB,3170206,I,1403
1647509KC,3106200,I,1407
1647509KC,3170107,I,1405
1647509KC,3170206,I,1406
1647509KD,3106200,I,1410
1647509KD,3170107,I,1408
1647509KD,3170206,I,1409
1647509KF,3106200,I,1413
1647509KF,3170107,I,1411
1647509KF,3170206,I,1412
1647509KG,3106200,I,1416
1647509KG,3170206,I,1415
1647509KG,3170107,I,1414
1647509KH,3106200,I,1419
1647509KH,3170107,I,1417
1647509KH,3170206,I,1418
1647509KI,3106200,I,1422
1647509KI,3170107,I,1420
1647509KI,3170206,I,1421
1647509KJ,3106200,I,1425
1647509KJ,3170107,I,1423
1647509KJ,3170206,I,1424
1647509L,3106200,I,1428
1647509L,3170107,I,1426
1647509L,3170206,I,1427
1647509L1,3106200,I,1431
1647509L1,3170107,I,1429
1647509L1,3170206,I,1430
1647509LB,3106200,I,1434
1647509LB,3170107,I,1432
1647509LB,3170206,I,1433
1647509LC,3106200,I,1437
1647509LC,3170206,I,1436
1647509LC,3170107,I,1435
1647509LD,3106200,I,1440
1647509LD,3170107,I,1438
1647509LD,3170206,I,1439
1647509LE,3106200,I,1443
1647509LE,3170107,I,1441
1647509LE,3170206,I,1442
1647509LF,3106200,I,1446
1647509LF,3170107,I,1444
1647509LF,3170206,I,1445
1647509LG,3106200,I,1449
1647509LG,3170107,I,1447
1647509LG,3170206,I,1448
1647509LH,3106200,I,1452
1647509LH,3170107,I,1450
1647509LH,3170206,I,1451
1647509LI,3106200,I,1455
1647509LI,3170107,I,1453
1647509LI,3170206,I,1454
1647509LJ,3106200,I,1458
1647509LJ,3170107,I,1456
1647509LJ,3170206,I,1457
1647509LK,3106200,I,1461
1647509LK,3170107,I,1459
1647509LK,3170206,I,1460
1647509M,3106200,I,1464
1647509M,3170107,I,1462
1647509M,3170206,I,1463
1647509MA,3106200,I,1467
1647509MA,3170107,I,1465
1647509MA,3170206,I,1466
1647509N,3106200,I,1470
1647509N,3170107,I,1468
1647509N,3170206,I,1469
1647509O,3106200,I,1473
1647509O,3170107,I,1471
1647509O,3170206,I,1472
1647509P,3106200,I,1476
1647509P,3170107,I,1474
1647509P,3170206,I,1475
1647509Q,3106200,I,1479
1647509Q,3170107,I,1477
1647509Q,3170206,I,1478
1647509QA,3106200,I,1482
1647509QA,3170206,I,1481
1647509QA,3170107,I,1480
1647509R,3106200,I,1485
1647509R,3170107,I,1483
1647509R,3170206,I,1484
1647509T,3106200,I,1488
1647509T,3170107,I,1486
1647509T,3170206,I,1487
1647509U,3106200,I,1491
1647509U,3170107,I,1489
1647509U,3170206,I,1490
16475101,3106200,I,1494
16475101,3170107,I,1492
16475101,3170206,I,1493
16475109,3106200,I,1497
16475109,3170107,I,1495
16475109,3170206,I,1496
1647510A,3106200,I,1500
1647510A,3170206,I,1499
1647510A,3170107,I,1498
1647510A1,3106200,I,1503
1647510A1,3170107,I,1501
1647510A1,3170206,I,1502
1647510AA,3106200,I,1506
1647510AA,3170107,I,1504
1647510AA,3170206,I,1505
1647510B,3106200,I,1509
1647510B,3170107,I,1507
1647510B,3170206,I,1508
1647510BB,3106200,I,1512
1647510BB,3170107,I,1510
1647510BB,3170206,I,1511
1647510C,3106200,I,1515
1647510C,3170107,I,1513
1647510C,3170206,I,1514
1647510CC,3106200,I,1518
1647510CC,3170206,I,1517
1647510CC,3170107,I,1516
1647510D,3106200,I,1521
1647510D,3170107,I,1519
1647510D,3170206,I,1520
1647510DD,3106200,I,1524
1647510DD,3170107,I,1522
1647510DD,3170206,I,1523
1647510E,3106200,I,1527
1647510E,3170107,I,1525
1647510E,3170206,I,1526
1647510E1,3106200,I,1530
1647510E1,3170107,I,1528
1647510E1,3170206,I,1529
1647510EE,3106200,I,1533
1647510EE,3170107,I,1531
1647510EE,3170206,I,1532
1647510F,3106200,I,1536
1647510F,3170107,I,1534
1647510F,3170206,I,1535
1647510FF,3106200,I,1539
1647510FF,3170107,I,1537
1647510FF,3170206,I,1538
1647510G,3106200,I,1542
1647510G,3170206,I,1541
1647510G,3170107,I,1540
1647510GG,3106200,I,1545
1647510GG,3170107,I,1543
1647510GG,3170206,I,1544
1647510H,3106200,I,1548
1647510H,3170107,I,1546
1647510H,3170206,I,1547
1647510HH,3106200,I,1551
1647510HH,3170107,I,1549
1647510HH,3170206,I,1550
1647510I,3106200,I,1554
1647510I,3170107,I,1552
1647510I,3170206,I,1553
1647510J,3106200,I,1557
1647510J,3170107,I,1555
1647510J,3170206,I,1556
1647510K,3106200,I,1560
1647510K,3170107,I,1558
1647510K,3170206,I,1559
1647510K1,3106200,I,1563
1647510K1,3170107,I,1561
1647510K1,3170206,I,1562
1647510KA,3106200,I,1566
1647510KA,3170107,I,1564
1647510KA,3170206,I,1565
1647510KB,3106200,I,1569
1647510KB,3170107,I,1567
1647510KB,3170206,I,1568
1647510KC,3106200,I,1572
1647510KC,3170107,I,1570
1647510KC,3170206,I,1571
1647510KD,3106200,I,1575
1647510KD,3170107,I,1573
1647510KD,3170206,I,1574
1647510KF,3106200,I,1578
1647510KF,3170206,I,1577
1647510KF,3170107,I,1576
1647510KG,3106200,I,1581
1647510KG,3170107,I,1579
1647510KG,3170206,I,1580
1647510KH,3106200,I,1584
1647510KH,3170107,I,1582
1647510KH,3170206,I,1583
1647510KI,3106200,I,1587
1647510KI,3170107,I,1585
1647510KI,3170206,I,1586
1647510KJ,3106200,I,1590
1647510KJ,3170107,I,1588
1647510KJ,3170206,I,1589
1647510L,3106200,I,1593
1647510L,3170107,I,1591
1647510L,3170206,I,1592
1647510L1,3106200,I,1596
1647510L1,3170107,I,1594
1647510L1,3170206,I,1595
1647510LB,3106200,I,1599
1647510LB,3170107,I,1597
1647510LB,3170206,I,1598
1647510LC,3106200,I,1602
1647510LC,3170107,I,1600
1647510LC,3170206,I,1601
1647510LD,3106200,I,1605
1647510LD,3170107,I,1603
1647510LD,3170206,I,1604
1647510LE,3106200,I,1608
1647510LE,3170107,I,1606
1647510LE,3170206,I,1607
1647510LF,3106200,I,1611
1647510LF,3170107,I,1609
1647510LF,3170206,I,1610
1647510LG,3106200,I,1614
1647510LG,3170107,I,1612
1647510LG,3170206,I,1613
1647510LH,3106200,I,1617
1647510LH,3170107,I,1615
1647510LH,3170206,I,1616
1647510LI,3106200,I,1620
1647510LI,3170206,I,1619
1647510LI,3170107,I,1618
1647510LJ,3106200,I,1623
1647510LJ,3170107,I,1621
1647510LJ,3170206,I,1622
1647510LK,3106200,I,1626
1647510LK,3170107,I,1624
1647510LK,3170206,I,1625
1647510M,3106200,I,1629
1647510M,3170107,I,1627
1647510M,3170206,I,1628
1647510MA,3106200,I,1632
1647510MA,3170107,I,1630
1647510MA,3170206,I,1631
1647510N,3106200,I,1635
1647510N,3170107,I,1633
1647510N,3170206,I,1634
1647510O,3106200,I,1638
1647510O,3170107,I,1636
1647510O,3170206,I,1637
1647510P,3106200,I,1641
1647510P,3170107,I,1639
1647510P,3170206,I,1640
1647510Q,3106200,I,1644
1647510Q,3170107,I,1642
1647510Q,3170206,I,1643
1647510QA,3106200,I,1647
1647510QA,3170107,I,1645
1647510QA,3170206,I,1646
1647510R,3106200,I,1650
1647510R,3170107,I,1648
1647510R,3170206,I,1649
1647510T,3106200,I,1653
1647510T,3170107,I,1651
1647510T,3170206,I,1652
1647510U,3106200,I,1656
1647510U,3170107,I,1654
1647510U,3170206,I,1655
16475111,3106200,I,1659
16475111,3170107,I,1657
16475111,3170206,I,1658
16475119,3106200,I,1662
16475119,3170107,I,1660
16475119,3170206,I,1661
1647511A,3106200,I,1665
1647511A,3170107,I,1663
1647511A,3170206,I,1664
1647511A1,3106200,I,1668
1647511A1,3170107,I,1666
1647511A1,3170206,I,1667
1647511AA,3106200,I,1671
1647511AA,3170107,I,1669
1647511AA,3170206,I,1670
1647511B,3106200,I,1674
1647511B,3170107,I,1672
1647511B,3170206,I,1673
1647511BB,3106200,I,1677
1647511BB,3170107,I,1675
1647511BB,3170206,I,1676
1647511C,3106200,I,1680
1647511C,3170107,I,1678
1647511C,3170206,I,1679
1647511CC,3106200,I,1683
1647511CC,3170107,I,1681
1647511CC,3170206,I,1682
1647511D,3106200,I,1686
1647511D,3170107,I,1684
1647511D,3170206,I,1685
1647511DD,3106200,I,1689
1647511DD,3170107,I,1687
1647511DD,3170206,I,1688
1647511E,3106200,I,1692
1647511E,3170107,I,1690
1647511E,3170206,I,1691
1647511E1,3106200,I,1695
1647511E1,3170107,I,1693
1647511E1,3170206,I,1694
1647511EE,3106200,I,1698
1647511EE,3170107,I,1696
1647511EE,3170206,I,1697
1647511F,3106200,I,1701
1647511F,3170107,I,1699
1647511F,3170206,I,1700
1647511FF,3106200,I,1704
1647511FF,3170107,I,1702
1647511FF,3170206,I,1703
1647511G,3106200,I,1707
1647511G,3170107,I,1705
1647511G,3170206,I,1706
1647511GG,3106200,I,1710
1647511GG,3170107,I,1708
1647511GG,3170206,I,1709
1647511H,3106200,I,1713
1647511H,3170107,I,1711
1647511H,3170206,I,1712
1647511HH,3106200,I,1716
1647511HH,3170107,I,1714
1647511HH,3170206,I,1715
1647511I,3106200,I,1719
1647511I,3170107,I,1717
1647511I,3170206,I,1718
1647511J,3106200,I,1722
1647511J,3170107,I,1720
1647511J,3170206,I,1721
1647511K,3106200,I,1725
1647511K,3170107,I,1723
1647511K,3170206,I,1724
1647511K1,3106200,I,1728
1647511K1,3170206,I,1727
1647511K1,3170107,I,1726
1647511KA,3106200,I,1731
1647511KA,3170107,I,1729
1647511KA,3170206,I,1730
1647511KB,3106200,I,1734
1647511KB,3170107,I,1732
1647511KB,3170206,I,1733
1647511KC,3106200,I,1737
1647511KC,3170107,I,1735
1647511KC,3170206,I,1736
1647511KD,3106200,I,1740
1647511KD,3170107,I,1738
1647511KD,3170206,I,1739
1647511KF,3106200,I,1743
1647511KF,3170107,I,1741
1647511KF,3170206,I,1742
1647511KG,3106200,I,1746
1647511KG,3170107,I,1744
1647511KG,3170206,I,1745
1647511KH,3106200,I,1749
1647511KH,3170107,I,1747
1647511KH,3170206,I,1748
1647511KI,3106200,I,1752
1647511KI,3170107,I,1750
1647511KI,3170206,I,1751
1647511KJ,3106200,I,1755
1647511KJ,3170107,I,1753
1647511KJ,3170206,I,1754
1647511L,3106200,I,1758
1647511L,3170107,I,1756
1647511L,3170206,I,1757
1647511L1,3106200,I,1761
1647511L1,3170107,I,1759
1647511L1,3170206,I,1760
1647511LB,3106200,I,1764
1647511LB,3170107,I,1762
1647511LB,3170206,I,1763
1647511LC,3106200,I,1767
1647511LC,3170107,I,1765
1647511LC,3170206,I,1766
1647511LD,3106200,I,1770
1647511LD,3170107,I,1768
1647511LD,3170206,I,1769
1647511LE,3106200,I,1773
1647511LE,3170107,I,1771
1647511LE,3170206,I,1772
1647511LF,3106200,I,1776
1647511LF,3170107,I,1774
1647511LF,3170206,I,1775
1647511LG,3106200,I,1779
1647511LG,3170107,I,1777
1647511LG,3170206,I,1778
1647511LH,3106200,I,1782
1647511LH,3170107,I,1780
1647511LH,3170206,I,1781
1647511LI,3106200,I,1785
1647511LI,3170107,I,1783
1647511LI,3170206,I,1784
1647511LJ,3106200,I,1788
1647511LJ,3170107,I,1786
1647511LJ,3170206,I,1787
1647511M,3106200,I,1791
1647511M,3170107,I,1789
1647511M,3170206,I,1790
1647511MA,3106200,I,1794
1647511MA,3170107,I,1792
1647511MA,3170206,I,1793
1647511N,3106200,I,1797
1647511N,3170107,I,1795
1647511N,3170206,I,1796
1647511O,3106200,I,1800
1647511O,3170206,I,1799
1647511O,3170107,I,1798
1647511P,3106200,I,1803
1647511P,3170107,I,1801
1647511P,3170206,I,1802
1647511Q,3106200,I,1806
1647511Q,3170206,I,1805
1647511Q,3170107,I,1804
1647511QA,3106200,I,1809
1647511QA,3170107,I,1807
1647511QA,3170206,I,1808
1647511R,3106200,I,1812
1647511R,3170107,I,1810
1647511R,3170206,I,1811
1647511T,3106200,I,1815
1647511T,3170206,I,1814
1647511T,3170107,I,1813
1647511U,3106200,I,1818
1647511U,3170107,I,1816
1647511U,3170206,I,1817
16475121,3106200,I,1821
16475121,3170107,I,1819
16475121,3170206,I,1820
16475129,3106200,I,1824
16475129,3170107,I,1822
16475129,3170206,I,1823
1647512A,3106200,I,1827
1647512A,3170107,I,1825
1647512A,3170206,I,1826
1647512A1,3106200,I,1830
1647512A1,3170206,I,1829
1647512A1,3170107,I,1828
1647512A2,3106200,I,1833
1647512A2,3170107,I,1831
1647512A2,3170206,I,1832
1647512AA,3106200,I,1836
1647512AA,3170107,I,1834
1647512AA,3170206,I,1835
1647512B,3106200,I,1839
1647512B,3170107,I,1837
1647512B,3170206,I,1838
1647512BB,3106200,I,1842
1647512BB,3170107,I,1840
1647512BB,3170206,I,1841
1647512C,3106200,I,1845
1647512C,3170107,I,1843
1647512C,3170206,I,1844
1647512CC,3106200,I,1848
1647512CC,3170206,I,1847
1647512CC,3170107,I,1846
1647512D,3106200,I,1851
1647512D,3170107,I,1849
1647512D,3170206,I,1850
1647512DD,3106200,I,1854
1647512DD,3170107,I,1852
1647512DD,3170206,I,1853
1647512E,3106200,I,1857
1647512E,3170107,I,1855
1647512E,3170206,I,1856
1647512E1,3106200,I,1860
1647512E1,3170107,I,1858
1647512E1,3170206,I,1859
1647512EE,3106200,I,1863
1647512EE,3170107,I,1861
1647512EE,3170206,I,1862
1647512F,3106200,I,1866
1647512F,3170107,I,1864
1647512F,3170206,I,1865
1647512FF,3106200,I,1869
1647512FF,3170206,I,1868
1647512FF,3170107,I,1867
1647512G,3106200,I,1872
1647512G,3170107,I,1870
1647512G,3170206,I,1871
1647512GG,3106200,I,1875
1647512GG,3170107,I,1873
1647512GG,3170206,I,1874
1647512H,3106200,I,1878
1647512H,3170107,I,1876
1647512H,3170206,I,1877
1647512HH,3106200,I,1881
1647512HH,3170107,I,1879
1647512HH,3170206,I,1880
1647512I,3106200,I,1884
1647512I,3170107,I,1882
1647512I,3170206,I,1883
1647512J,3106200,I,1887
1647512J,3170107,I,1885
1647512J,3170206,I,1886
1647512K,3106200,I,1890
1647512K,3170107,I,1888
1647512K,3170206,I,1889
1647512K1,3106200,I,1893
1647512K1,3170107,I,1891
1647512K1,3170206,I,1892
1647512KA,3106200,I,1896
1647512KA,3170107,I,1894
1647512KA,3170206,I,1895
1647512KB,3106200,I,1899
1647512KB,3170107,I,1897
1647512KB,3170206,I,1898
1647512KC,3106200,I,1902
1647512KC,3170107,I,1900
1647512KC,3170206,I,1901
1647512KD,3106200,I,1905
1647512KD,3170107,I,1903
1647512KD,3170206,I,1904
1647512KF,3106200,I,1908
1647512KF,3170107,I,1906
1647512KF,3170206,I,1907
1647512KG,3106200,I,1911
1647512KG,3170107,I,1909
1647512KG,3170206,I,1910
1647512KH,3106200,I,1914
1647512KH,3170107,I,1912
1647512KH,3170206,I,1913
1647512KI,3106200,I,1917
1647512KI,3170107,I,1915
1647512KI,3170206,I,1916
1647512KJ,3106200,I,1920
1647512KJ,3170107,I,1918
1647512KJ,3170206,I,1919
1647512L,3106200,I,1923
1647512L,3170107,I,1921
1647512L,3170206,I,1922
1647512L1,3106200,I,1926
1647512L1,3170107,I,1924
1647512L1,3170206,I,1925
1647512LB,3106200,I,1929
1647512LB,3170107,I,1927
1647512LB,3170206,I,1928
1647512LC,3106200,I,1932
1647512LC,3170107,I,1930
1647512LC,3170206,I,1931
1647512LD,3106200,I,1935
1647512LD,3170107,I,1933
1647512LD,3170206,I,1934
1647512LE,3106200,I,1938
1647512LE,3170107,I,1936
1647512LE,3170206,I,1937
1647512LF,3106200,I,1941
1647512LF,3170206,I,1940
1647512LF,3170107,I,1939
1647512LG,3106200,I,1944
1647512LG,3170107,I,1942
1647512LG,3170206,I,1943
1647512LH,3106200,I,1947
1647512LH,3170206,I,1946
1647512LH,3170107,I,1945
1647512LI,3106200,I,1950
1647512LI,3170107,I,1948
1647512LI,3170206,I,1949
1647512LJ,3106200,I,1953
1647512LJ,3170107,I,1951
1647512LJ,3170206,I,1952
1647512LK,3106200,I,1956
1647512LK,3170107,I,1954
1647512LK,3170206,I,1955
1647512M,3106200,I,1959
1647512M,3170107,I,1957
1647512M,3170206,I,1958
1647512MA,3106200,I,1962
1647512MA,3170107,I,1960
1647512MA,3170206,I,1961
1647512N,3106200,I,1965
1647512N,3170107,I,1963
1647512N,3170206,I,1964
1647512O,3106200,I,1968
1647512O,3170107,I,1966
1647512O,3170206,I,1967
1647512P,3106200,I,1971
1647512P,3170107,I,1969
1647512P,3170206,I,1970
1647512Q,3106200,I,1974
1647512Q,3170107,I,1972
1647512Q,3170206,I,1973
1647512QA,3106200,I,1977
1647512QA,3170107,I,1975
1647512QA,3170206,I,1976
1647512R,3106200,I,1980
1647512R,3170107,I,1978
1647512R,3170206,I,1979
1647512T,3106200,I,1983
1647512T,3170107,I,1981
1647512T,3170206,I,1982
1647512U,3106200,I,1986
1647512U,3170206,I,1985
1647512U,3170107,I,1984
1647801A2,3170107,I,2012
1647801A2,3170206,I,2013
1647801B2,3170206,I,2143
1647801B2,3170107,I,2070
1647801C2,3170107,I,2069
1647801C2,3170206,I,2142
1647801D2,3170107,I,2068
1647801D2,3170206,I,2141
1647802A2,3170107,I,2067
1647802A2,3170206,I,2140
1647802B2,3170107,I,2066
1647802B2,3170206,I,2139
1647802C2,3170107,I,2065
1647802C2,3170206,I,2138
1647802D2,3170107,I,2064
1647802D2,3170206,I,2137
1647803A2,3170206,I,2136
1647803A2,3170107,I,2063
1647803B2,3170107,I,2062
1647803B2,3170206,I,2135
1647803B4,3104007,I,2611
1647803B4,3111507,I,2606
1647803B4,3129509,I,2605
1647803B4,3149200,I,2610
1647803B4,3149804,I,2607
1647803B4,3153004,I,2608
1647803B4,3168101,I,2609
1647803C2,3170206,I,2134
1647803C2,3170107,I,2061
1647803D2,3170107,I,2060
1647803D2,3170206,I,2133
1647804A,3170107,I,2059
1647804A,3170206,I,2132
1647804A2,3170107,I,2058
1647804A2,3170206,I,2131
1647804B,3170107,I,2057
1647804B,3170206,I,2130
1647804B2,3170107,I,2056
1647804B2,3170206,I,2129
1647804C,3170107,I,2055
1647804C,3170206,I,2128
1647804C2,3170107,I,2054
1647804C2,3170206,I,2127
1647804D,3170107,I,2053
1647804D,3170206,I,2126
1647804D2,3170107,I,2052
1647804D2,3170206,I,2125
1647805A,3170107,I,2051
1647805A,3170206,I,2124
1647805A2,3170107,I,2050
1647805A2,3170206,I,2123
1647805B,3170206,I,2122
1647805B,3170107,I,2049
1647805B2,3170107,I,2048
1647805B2,3170206,I,2121
1647805C,3170107,I,2047
1647805C,3170206,I,2120
1647805C2,3170107,I,2014
1647805C2,3170206,I,2087
1647805D,3170107,I,2015
1647805D,3170206,I,2088
1647805D2,3170107,I,2016
1647805D2,3170206,I,2089
1647806A,3170107,I,2017
1647806A,3170206,I,2090
1647806A2,3170206,I,2091
1647806A2,3170107,I,2018
1647806B,3170107,I,2019
1647806B,3170206,I,2092
1647806B2,3170107,I,2020
1647806B2,3170206,I,2093
1647806C,3170107,I,2021
1647806C,3170206,I,2094
1647806C2,3170206,I,2095
1647806C2,3170107,I,2022
1647806D,3170107,I,2023
1647806D,3170206,I,2096
1647806D2,3170107,I,2024
1647806D2,3170206,I,2097
1647807A,3170107,I,2025
1647807A,3170206,I,2098
1647807A2,3170107,I,2026
1647807A2,3170206,I,2099
1647807B,3170107,I,2027
1647807B,3170206,I,2100
1647807B2,3170107,I,2028
1647807B2,3170206,I,2101
1647807C,3170107,I,2029
1647807C,3170206,I,2102
1647807C2,3170107,I,2030
1647807C2,3170206,I,2103
1647807D,3170107,I,2031
1647807D,3170206,I,2104
1647807D2,3170107,I,2032
1647807D2,3170206,I,2105
1647808A,3170206,I,2106
1647808A,3170107,I,2033
1647808A2,3170107,I,2034
1647808A2,3170206,I,2107
1647808B,3170107,I,2035
1647808B,3170206,I,2108
1647808B2,3170107,I,2036
1647808B2,3170206,I,2109
1647808C,3170107,I,2037
1647808C,3170206,I,2110
1647808C2,3170107,I,2038
1647808C2,3170206,I,2111
1647808D,3170107,I,2039
1647808D,3170206,I,2112
1647808D2,3170107,I,2040
1647808D2,3170206,I,2113
1647809A,3170107,I,2041
1647809A,3170206,I,2114
1647809B,3170107,I,2042
1647809B,3170206,I,2115
1647809B2,3104007,I,2674
1647809B2,3111507,I,2669
1647809B2,3129509,I,2668
1647809B2,3168101,I,2672
1647809B2,3149200,I,2673
1647809B2,3149804,I,2670
1647809B2,3153004,I,2671
1647809C,3170206,I,2116
1647809C,3170107,I,2043
1647809D,3170107,I,2044
1647809D,3170206,I,2117
1647810A,3170107,I,2045
1647810A,3170206,I,2118
1647810B,3170107,I,2046
1647810B,3170206,I,2119
1647810C,3170107,I,2071
1647810C,3170206,I,2144
1647810D,3170107,I,2072
1647810D,3170206,I,2145
1647811A,3170107,I,2073
1647811A,3170206,I,2146
1647811A2,3104007,I,2863
1647811A2,3111507,I,2858
1647811A2,3153004,I,2860
1647811A2,3168101,I,2861
1647811A2,3129509,I,2857
1647811A2,3149200,I,2862
1647811A2,3149804,I,2859
1647811A3,3104007,I,2161
1647811A3,3111507,I,2163
1647811A3,3129509,I,2162
1647811B,3170107,I,2074
1647811B,3170206,I,2147
1647811C,3170107,I,2075
1647811C,3170206,I,2148
1647811D,3170107,I,2076
1647811D,3170206,I,2149
1647812A,3170206,I,2150
1647812A,3170107,I,2077
1647812B,3170107,I,2078
1647812B,3170206,I,2151
1647812C,3170107,I,2079
1647812C,3170206,I,2152
1647812D,3170107,I,2080
1647812D,3170206,I,2153
1647901C3,3104007,I,2345
1647901C3,3111507,I,2340
1647901C3,3129509,I,2339
1647901C3,3149200,I,2344
1647901C3,3149804,I,2341
1647901C3,3153004,I,2342
1647901C3,3168101,I,2343
1647902C3,3104007,I,2709
1647902C3,3111507,I,2704
1647902C3,3129509,I,2703
1647902C3,3149200,I,2708
1647902C3,3149804,I,2705
1647902C3,3153004,I,2706
1647902C3,3168101,I,2707
1647902D3,3104007,I,2359
1647902D3,3111507,I,2354
1647902D3,3129509,I,2353
1647902D3,3149200,I,2358
1647902D3,3149804,I,2355
1647902D3,3153004,I,2356
1647902D3,3168101,I,2357
1647902D4,3104007,I,3045
1647902D4,3111507,I,3040
1647902D4,3129509,I,3039
1647902D4,3168101,I,3043
1647902D4,3149200,I,3044
1647902D4,3149804,I,3041
1647902D4,3153004,I,3042
1647903C3,3104007,I,3003
1647903C3,3111507,I,2998
1647903C3,3129509,I,2997
1647903C3,3168101,I,3001
1647903C3,3149200,I,3002
1647903C3,3149804,I,2999
1647903C3,3153004,I,3000
1647903C4,3104007,I,2167
1647903C4,3111507,I,2169
1647903C4,3129509,I,2168
1647904C3,3104007,I,2982
1647904C3,3111507,I,2977
1647904C3,3129509,I,2976
1647904C3,3149200,I,2981
1647904C3,3149804,I,2978
1647904C3,3153004,I,2979
1647904C3,3168101,I,2980
1647904C4,3104007,I,2639
1647904C4,3153004,I,2636
1647904C4,3168101,I,2637
1647904C4,3149200,I,2638
1647904C4,3149804,I,2635
1647904C4,3111507,I,2634
1647904C4,3129509,I,2633
1647906C2,3170107,I,2081
1647906C2,3170206,I,2154
1647906C3,3104007,I,2926
1647906C3,3111507,I,2921
1647906C3,3168101,I,2924
1647906C3,3149804,I,2922
1647906C3,3153004,I,2923
1647906C3,3129509,I,2920
1647906C3,3149200,I,2925
1647906D2,3170107,I,2082
1647906D2,3170206,I,2155
1647907C2,3170107,I,2083
1647907C2,3170206,I,2156
1647907C3,3104007,I,2436
1647907C3,3111507,I,2431
1647907C3,3129509,I,2430
1647907C3,3149200,I,2435
1647907C3,3149804,I,2432
1647907C3,3153004,I,2433
1647907C3,3168101,I,2434
1647907D2,3170107,I,2084
1647907D2,3170206,I,2157
1647907D3,3104007,I,2338
1647907D3,3111507,I,2333
1647907D3,3129509,I,2332
1647907D3,3149200,I,2337
1647907D3,3149804,I,2334
1647907D3,3153004,I,2335
1647907D3,3168101,I,2336
1647908C2,3104007,I,1995
1647908C2,3111507,I,1997
1647908C2,3129509,I,1996
1647908C2,3149200,I,2000
1647908C2,3170206,I,2003
1647908C2,3149804,I,1998
1647908C2,3153004,I,1999
1647908C2,3168101,I,2001
1647908C2,3170107,I,3054
1647908C3,3104007,I,2800
1647908C3,3111507,I,2795
1647908C3,3168101,I,2798
1647908C3,3149804,I,2796
1647908C3,3153004,I,2797
1647908C3,3129509,I,2794
1647908C3,3149200,I,2799
1647908D2,3170107,I,2086
1647908D2,3170206,I,2159
1647909C2,3104007,I,2275
1647909C2,3111507,I,2270
1647909C2,3129509,I,2269
1647909C2,3149200,I,2274
1647909C2,3149804,I,2271
1647909C2,3153004,I,2272
1647909C2,3168101,I,2273
1647909C3,3104007,I,2870
1647909C3,3111507,I,2865
1647909C3,3129509,I,2864
1647909C3,3149200,I,2869
1647909C3,3149804,I,2866
1647909C3,3153004,I,2867
1647909C3,3168101,I,2868
1647910C3,3104007,I,2744
1647910C3,3111507,I,2739
1647910C3,3129509,I,2738
1647910C3,3149200,I,2743
1647910C3,3149804,I,2740
1647910C3,3153004,I,2741
1647910C3,3168101,I,2742
1647911C3,3104007,I,2583
1647911C3,3111507,I,2578
1647911C3,3129509,I,2577
1647911C3,3149200,I,2582
1647911C3,3149804,I,2579
1647911C3,3153004,I,2580
1647911C3,3168101,I,2581
1647912C2,3104007,I,2625
1647912C2,3111507,I,2620
1647912C2,3129509,I,2619
1647912C2,3149200,I,2624
1647912C2,3149804,I,2621
1647912C2,3153004,I,2622
1647912C2,3168101,I,2623
1647912D2,3104007,I,2772
1647912D2,3111507,I,2767
1647912D2,3129509,I,2766
1647912D2,3149200,I,2771
1647912D2,3149804,I,2768
1647912D2,3153004,I,2769
1647912D2,3168101,I,2770
1647921EN10,3104007,I,2175
1647921EN10,3106200,I,2176
1647921EN10,3129509,I,2179
1647921EN10,3170206,I,2177
1647921EN10,3170107,I,2178
1647951AM,3104007,I,2828
1647951AM,3111507,I,2823
1647951AM,3129509,I,2822
1647951AM,3149200,I,2827
1647951AM,3149804,I,2824
1647951AM,3153004,I,2825
1647951AM,3168101,I,2826
1647951AM10,3104007,I,2226
1647951AM10,3111507,I,2221
1647951AM10,3129509,I,2220
1647951AM10,3149200,I,2225
1647951AM10,3149804,I,2222
1647951AM10,3153004,I,2223
1647951AM10,3168101,I,2224
1647953L8,3104007,I,2779
1647953L8,3111507,I,2774
1647953L8,3129509,I,2773
1647953L8,3149200,I,2778
1647953L8,3149804,I,2775
1647953L8,3153004,I,2776
1647953L8,3168101,I,2777
1647955L8,3104007,I,2562
1647955L8,3111507,I,2557
1647955L8,3129509,I,2556
1647955L8,3149200,I,2561
1647955L8,3149804,I,2558
1647955L8,3153004,I,2559
1647955L8,3168101,I,2560
1647959L8,3104007,I,2317
1647959L8,3111507,I,2312
1647959L8,3153004,I,2314
1647959L8,3168101,I,2315
1647959L8,3129509,I,2311
1647959L8,3149200,I,2316
1647959L8,3149804,I,2313
1647960L6,3104007,I,2842
1647960L6,3111507,I,2837
1647960L6,3129509,I,2836
1647960L6,3149200,I,2841
1647960L6,3149804,I,2838
1647960L6,3153004,I,2839
1647960L6,3168101,I,2840
1647960L8,3104007,I,2891
1647960L8,3111507,I,2886
1647960L8,3129509,I,2885
1647960L8,3149200,I,2890
1647960L8,3149804,I,2887
1647960L8,3153004,I,2888
1647960L8,3168101,I,2889
1647962L4,3104007,I,3010
1647962L4,3111507,I,3005
1647962L4,3129509,I,3004
1647962L4,3149200,I,3009
1647962L4,3149804,I,3006
1647962L4,3153004,I,3007
1647962L4,3168101,I,3008
164PREAM,3104007,I,2604
164PREAM,3111507,I,2599
164PREAM,3129509,I,2598
164PREAM,3149200,I,2603
164PREAM,3149804,I,2600
164PREAM,3153004,I,2601
164PREAM,3168101,I,2602
164PREAM10,3104007,I,2219
164PREAM10,3111507,I,2214
164PREAM10,3129509,I,2213
164PREAM10,3149200,I,2218
164PREAM10,3149804,I,2215
164PREAM10,3153004,I,2216
164PREAM10,3168101,I,2217
4500960,3104007,I,3073
4500960,3111507,I,3068
4500960,3129509,I,3067
4500960,3149200,I,3072
4500960,3149804,I,3069
4500960,3153004,I,3070
4500960,3168101,I,3071
450096042,3104007,I,2205
450096042,3111507,I,2200
450096042,3129509,I,2199
450096042,3149200,I,2204
450096042,3149804,I,2201
450096042,3153004,I,2202
450096042,3168101,I,2203
450098049,3104007,I,2212
450098049,3111507,I,2207
450098049,3153004,I,2209
450098049,3168101,I,2210
450098049,3129509,I,2206
450098049,3149200,I,2211
450098049,3149804,I,2208
456322071,3104007,I,2160
7501A7512APT,3106200,I,1991
7501A7512APT,3170107,I,1990
7501A7512APT,3170206,I,1989
7501A7512ENF,3104007,I,3055
7501A7512ENF,3106200,I,1994
7501A7512ENF,3170206,I,1993
7501A7512ENF,3170107,I,1992
7501A7512ENF,3111507,I,3058
7501A7512ENF,3129509,I,3057
7501A7512ENF,3149804,I,3056